
SET NAMES utf8mb4;
SET FOREIGN_KEY_CHECKS = 0;

-- ----------------------------
-- Table structure for auth_admin
-- ----------------------------
DROP TABLE IF EXISTS `auth_admin`;
CREATE TABLE `auth_admin` (
  `id` bigint(20) unsigned NOT NULL AUTO_INCREMENT,
  `username` varchar(60) NOT NULL DEFAULT '' COMMENT '用户名',
  `password` varchar(64) NOT NULL DEFAULT '' COMMENT '登录密码；sp_password加密',
  `tel` varchar(50) NOT NULL DEFAULT '' COMMENT '用户手机号',
  `email` varchar(100) NOT NULL DEFAULT '' COMMENT '登录邮箱',
  `avatar` varchar(255) NOT NULL DEFAULT '' COMMENT '用户头像',
  `sex` smallint(1) NOT NULL DEFAULT '0' COMMENT '性别；0：保密，1：男；2：女',
  `last_login_ip` varchar(16) NOT NULL DEFAULT '' COMMENT '最后登录ip',
  `last_login_time` datetime NOT NULL COMMENT '最后登录时间',
  `create_time` datetime NOT NULL COMMENT '注册时间',
  `status` int(11) NOT NULL DEFAULT '1' COMMENT '用户状态 0：禁用； 1：正常 ；2：未验证',
  PRIMARY KEY (`id`),
  KEY `user_login_key` (`username`)
) ENGINE=InnoDB AUTO_INCREMENT=4 DEFAULT CHARSET=utf8 COMMENT='管理员表';

-- ----------------------------
-- Records of auth_admin
-- ----------------------------
BEGIN;
INSERT INTO `auth_admin` VALUES (1, 'admin', 'c3284d0f94606de1fd2af172aba15bf3', 'admin', '', 'sssss', 0, '0:0:0:0:0:0:0:1', '2021-02-20 14:01:29', '2018-07-06 17:19:00', 1);
INSERT INTO `auth_admin` VALUES (2, 'jason', '815e6212def15fe76ed27cec7a393d59', 'admin', '', 'sssss', 0, '0:0:0:0:0:0:0:1', '2020-01-08 10:30:11', '2018-07-06 17:19:00', 1);
INSERT INTO `auth_admin` VALUES (3, 'test', 'c3284d0f94606de1fd2af172aba15bf3', '', '', '', 0, '0:0:0:0:0:0:0:1', '2020-02-25 14:03:52', '2020-01-13 16:21:24', 1);
COMMIT;

-- ----------------------------
-- Table structure for auth_permission
-- ----------------------------
DROP TABLE IF EXISTS `auth_permission`;
CREATE TABLE `auth_permission` (
  `role_id` int(11) unsigned NOT NULL COMMENT '角色',
  `permission_rule_id` int(11) NOT NULL DEFAULT '0' COMMENT '权限id',
  `type` varchar(30) DEFAULT NULL COMMENT '权限规则分类，请加应用前缀,如admin_'
) ENGINE=InnoDB DEFAULT CHARSET=utf8 COMMENT='权限授权表';

-- ----------------------------
-- Records of auth_permission
-- ----------------------------
BEGIN;
INSERT INTO `auth_permission` VALUES (1, 4, 'admin');
INSERT INTO `auth_permission` VALUES (1, 3, 'admin');
INSERT INTO `auth_permission` VALUES (1, 2, 'admin');
INSERT INTO `auth_permission` VALUES (1, 1, 'admin');
INSERT INTO `auth_permission` VALUES (2, 26, 'admin');
INSERT INTO `auth_permission` VALUES (2, 27, 'admin');
INSERT INTO `auth_permission` VALUES (2, 28, 'admin');
INSERT INTO `auth_permission` VALUES (2, 29, 'admin');
INSERT INTO `auth_permission` VALUES (2, 30, 'admin');
INSERT INTO `auth_permission` VALUES (2, 31, 'admin');
INSERT INTO `auth_permission` VALUES (2, 32, 'admin');
COMMIT;

-- ----------------------------
-- Table structure for auth_permission_rule
-- ----------------------------
DROP TABLE IF EXISTS `auth_permission_rule`;
CREATE TABLE `auth_permission_rule` (
  `id` int(8) unsigned NOT NULL AUTO_INCREMENT COMMENT '规则编号',
  `pid` int(11) NOT NULL DEFAULT '0' COMMENT '父级id',
  `name` char(80) NOT NULL DEFAULT '' COMMENT '规则唯一标识',
  `title` char(20) NOT NULL DEFAULT '' COMMENT '规则中文名称',
  `status` tinyint(1) NOT NULL DEFAULT '1' COMMENT '状态：为1正常，为0禁用',
  `condition` char(100) NOT NULL DEFAULT '' COMMENT '规则表达式，为空表示存在就验证，不为空表示按照条件验证',
  `listorder` int(10) NOT NULL DEFAULT '0' COMMENT '排序，优先级，越小优先级越高',
  `create_time` datetime NOT NULL COMMENT '创建时间',
  `update_time` datetime NOT NULL COMMENT '更新时间',
  PRIMARY KEY (`id`),
  UNIQUE KEY `name` (`name`)
) ENGINE=InnoDB AUTO_INCREMENT=33 DEFAULT CHARSET=utf8 COMMENT='规则表';

-- ----------------------------
-- Records of auth_permission_rule
-- ----------------------------
BEGIN;
INSERT INTO `auth_permission_rule` VALUES (1, 0, 'user_manage', '用户管理', 1, '', 999, '2018-07-06 17:19:00', '2018-07-06 17:19:00');
INSERT INTO `auth_permission_rule` VALUES (2, 1, 'user_manage/admin_manage', '管理组', 1, '', 999, '2018-07-06 17:19:00', '2018-07-06 17:19:00');
INSERT INTO `auth_permission_rule` VALUES (3, 2, 'admin/auth_admin/index', '管理员管理', 1, '', 999, '2018-07-06 17:19:00', '2018-07-06 17:19:00');
INSERT INTO `auth_permission_rule` VALUES (4, 3, 'admin/auth_admin/save', '添加管理员', 1, '', 999, '2018-07-06 17:19:00', '2018-07-06 17:19:00');
INSERT INTO `auth_permission_rule` VALUES (5, 3, 'admin/auth_admin/edit', '编辑管理员', 1, '', 999, '2018-07-06 17:19:00', '2018-07-06 17:19:00');
INSERT INTO `auth_permission_rule` VALUES (6, 3, 'admin/auth_admin/delete', '删除管理员', 1, '', 999, '2018-07-06 17:19:00', '2018-07-06 17:19:00');
INSERT INTO `auth_permission_rule` VALUES (7, 2, 'admin/auth_role/index', '角色管理', 1, '', 999, '2018-07-06 17:19:00', '2018-07-06 17:19:00');
INSERT INTO `auth_permission_rule` VALUES (8, 7, 'admin/auth_role/save', '添加角色', 1, '', 999, '2018-07-06 17:19:00', '2018-07-06 17:19:00');
INSERT INTO `auth_permission_rule` VALUES (9, 7, 'admin/auth_role/edit', '编辑角色', 1, '', 999, '2018-07-06 17:19:00', '2018-07-06 17:19:00');
INSERT INTO `auth_permission_rule` VALUES (10, 7, 'admin/auth_role/delete', '删除角色', 1, '', 999, '2018-07-06 17:19:00', '2018-07-06 17:19:00');
INSERT INTO `auth_permission_rule` VALUES (11, 7, 'admin/auth_role/auth', '角色授权', 1, '', 999, '2018-07-06 17:19:00', '2018-07-06 17:19:00');
INSERT INTO `auth_permission_rule` VALUES (12, 2, 'admin/auth_permission_rule/index', '权限管理', 1, '', 999, '2018-07-06 17:19:00', '2018-07-06 17:19:00');
INSERT INTO `auth_permission_rule` VALUES (13, 12, 'admin/auth_permission_rule/save', '添加权限', 1, '', 999, '2018-07-06 17:19:00', '2018-07-06 17:19:00');
INSERT INTO `auth_permission_rule` VALUES (14, 12, 'admin/auth_permission_rule/edit', '编辑权限', 1, '', 999, '2018-07-06 17:19:00', '2018-07-06 17:19:00');
INSERT INTO `auth_permission_rule` VALUES (15, 12, 'admin/auth_permission_rule/delete', '删除权限', 1, '', 999, '2018-07-06 17:19:00', '2018-07-06 17:19:00');
INSERT INTO `auth_permission_rule` VALUES (26, 0, 'word_manage', '速背单词', 1, '', 999, '2020-01-08 13:38:46', '2020-01-14 10:12:27');
INSERT INTO `auth_permission_rule` VALUES (27, 26, 'admin/word/wordlist', '单词列表', 1, '', 999, '2020-01-14 10:11:24', '2020-01-14 10:12:17');
INSERT INTO `auth_permission_rule` VALUES (28, 26, 'admin/word/yes', '设置认识', 1, '', 999, '2020-01-14 11:22:40', '2020-01-14 11:22:40');
INSERT INTO `auth_permission_rule` VALUES (29, 26, 'admin/word/no', '设置不认识', 1, '', 999, '2020-01-14 11:22:55', '2020-01-14 11:22:55');
INSERT INTO `auth_permission_rule` VALUES (30, 26, 'admin/word/setv', '设置看过', 1, '', 999, '2020-01-14 11:23:13', '2020-01-14 11:23:13');
INSERT INTO `auth_permission_rule` VALUES (31, 26, 'admin/word/setD', '设置删除', 1, '', 999, '2020-01-14 11:23:25', '2020-01-14 11:23:25');
INSERT INTO `auth_permission_rule` VALUES (32, 26, 'admin/word/getTypes', '课程类型', 1, '', 999, '2020-02-18 12:00:41', '2020-02-18 12:00:41');
COMMIT;

-- ----------------------------
-- Table structure for auth_role
-- ----------------------------
DROP TABLE IF EXISTS `auth_role`;
CREATE TABLE `auth_role` (
  `id` int(11) unsigned NOT NULL AUTO_INCREMENT,
  `name` varchar(20) NOT NULL COMMENT '角色名称',
  `pid` int(10) unsigned NOT NULL DEFAULT '0' COMMENT '父角色ID',
  `status` tinyint(1) unsigned NOT NULL DEFAULT '0' COMMENT '状态',
  `remark` varchar(255) NOT NULL DEFAULT '' COMMENT '备注',
  `create_time` datetime NOT NULL COMMENT '创建时间',
  `update_time` datetime NOT NULL COMMENT '更新时间',
  `listorder` int(3) NOT NULL DEFAULT '0' COMMENT '排序，优先级，越小优先级越高',
  PRIMARY KEY (`id`)
) ENGINE=InnoDB AUTO_INCREMENT=3 DEFAULT CHARSET=utf8 COMMENT='角色表';

-- ----------------------------
-- Records of auth_role
-- ----------------------------
BEGIN;
INSERT INTO `auth_role` VALUES (1, '超级管理员', 0, 1, '拥有网站最高管理员权限！', '2018-07-06 17:19:00', '2018-07-06 17:19:00', 0);
INSERT INTO `auth_role` VALUES (2, '单词用户', 0, 1, '', '2020-01-14 10:09:12', '2020-01-14 10:09:12', 999);
COMMIT;

-- ----------------------------
-- Table structure for auth_role_admin
-- ----------------------------
DROP TABLE IF EXISTS `auth_role_admin`;
CREATE TABLE `auth_role_admin` (
  `role_id` int(11) unsigned DEFAULT '0' COMMENT '角色 id',
  `admin_id` int(11) DEFAULT '0' COMMENT '管理员id'
) ENGINE=InnoDB DEFAULT CHARSET=utf8 COMMENT='用户角色对应表';

-- ----------------------------
-- Records of auth_role_admin
-- ----------------------------
BEGIN;
INSERT INTO `auth_role_admin` VALUES (2, 3);
INSERT INTO `auth_role_admin` VALUES (2, 3);
INSERT INTO `auth_role_admin` VALUES (2, 3);
INSERT INTO `auth_role_admin` VALUES (2, 3);
COMMIT;

-- ----------------------------
-- Table structure for word_list
-- ----------------------------
DROP TABLE IF EXISTS `word_list`;
CREATE TABLE `word_list` (
  `id` int(11) NOT NULL AUTO_INCREMENT,
  `en` varchar(255) COLLATE utf8_bin DEFAULT NULL,
  `cn` varchar(255) COLLATE utf8_bin DEFAULT NULL,
  `status` int(2) DEFAULT '1',
  `remark` varchar(255) COLLATE utf8_bin DEFAULT NULL,
  `type` int(11) DEFAULT NULL,
  PRIMARY KEY (`id`)
) ENGINE=InnoDB AUTO_INCREMENT=569 DEFAULT CHARSET=utf8 COLLATE=utf8_bin;

-- ----------------------------
-- Records of word_list
-- ----------------------------
BEGIN;
INSERT INTO `word_list` VALUES (1, 'worth', '相当于...价值', 1, '', 1);
INSERT INTO `word_list` VALUES (2, 'scared', '惊恐', 1, '', 1);
INSERT INTO `word_list` VALUES (3, 'scientist', '科学家', 1, '', 1);
INSERT INTO `word_list` VALUES (4, 'aim', '目标.目的', 1, '', 1);
INSERT INTO `word_list` VALUES (5, 'chew', '咀嚼', 1, '', 1);
INSERT INTO `word_list` VALUES (6, 'achieve', '实现', 1, '', 1);
INSERT INTO `word_list` VALUES (7, 'rude', '粗鲁的,无理的', 1, '', 1);
INSERT INTO `word_list` VALUES (8, 'junk', '废旧物品', 1, '', 1);
INSERT INTO `word_list` VALUES (9, 'brave', '勇敢的,无畏的', 1, '', 1);
INSERT INTO `word_list` VALUES (10, 'pupil', '小学生,瞳孔', 1, '', 1);
INSERT INTO `word_list` VALUES (11, 'fantastic', '极好的', 1, '', 1);
INSERT INTO `word_list` VALUES (12, 'dare', '敢', 0, '', 1);
INSERT INTO `word_list` VALUES (13, 'treat', '治疗,对待,处理', 1, '', 1);
INSERT INTO `word_list` VALUES (14, 'chess', '国际象棋', 1, '', 1);
INSERT INTO `word_list` VALUES (15, 'less', '更少的', 1, '', 1);
INSERT INTO `word_list` VALUES (16, 'award', '授予；奖品', 1, '', 1);
INSERT INTO `word_list` VALUES (17, 'cage', '笼子', 1, '', 1);
INSERT INTO `word_list` VALUES (18, 'themselves', '他们自己', 1, '', 1);
INSERT INTO `word_list` VALUES (19, 'pioneer', '先驱者，倡导者;开创', 1, '', 1);
INSERT INTO `word_list` VALUES (20, 'village', '乡村,村庄', 1, '', 1);
INSERT INTO `word_list` VALUES (21, 'knock', '敲打', 1, '', 1);
INSERT INTO `word_list` VALUES (22, 'examine', '检查;调查', 1, '', 1);
INSERT INTO `word_list` VALUES (23, 'shell', '壳,贝壳', 1, '', 1);
INSERT INTO `word_list` VALUES (24, 'necessary', '必要的，必须的', 1, '', 1);
INSERT INTO `word_list` VALUES (25, 'eraser', '橡皮', 1, '', 1);
INSERT INTO `word_list` VALUES (26, 'pond', '池塘', 1, '', 1);
INSERT INTO `word_list` VALUES (27, 'bamboo', '竹子', 1, '', 1);
INSERT INTO `word_list` VALUES (28, 'except', '除了...外', 1, '', 1);
INSERT INTO `word_list` VALUES (29, 'embarrassed', '尴尬的,为难的', 1, '', 1);
INSERT INTO `word_list` VALUES (30, 'etiquette', '礼节,礼仪', 1, '', 1);
INSERT INTO `word_list` VALUES (31, 'anthority', '权利；管辖权；当局', 1, '', 1);
INSERT INTO `word_list` VALUES (32, 'scarf', '围巾', 1, '', 1);
INSERT INTO `word_list` VALUES (33, 'accessory', '附件，零件', 1, '', 1);
INSERT INTO `word_list` VALUES (34, 'character', '性格,特性；人物，角色', 1, '', 1);
INSERT INTO `word_list` VALUES (35, 'keen', '热心的；激烈的', 1, '', 1);
INSERT INTO `word_list` VALUES (36, 'semester', '学期', 1, '', 1);
INSERT INTO `word_list` VALUES (37, 'boil', '沸腾', 1, '', 1);
INSERT INTO `word_list` VALUES (38, 'society', '社会', 1, '', 1);
INSERT INTO `word_list` VALUES (39, 'polite', '有礼貌的', 1, '', 1);
INSERT INTO `word_list` VALUES (40, 'chip', '碎片；芯片', 1, '', 1);
INSERT INTO `word_list` VALUES (41, 'resolution', '正式决定，决议；坚决，决心', 1, '', 1);
INSERT INTO `word_list` VALUES (42, 'predict', '预言，预测', 1, '', 1);
INSERT INTO `word_list` VALUES (43, 'porridge', '粥，麦片粥', 1, '', 1);
INSERT INTO `word_list` VALUES (44, 'flat', '平，平坦的；固定的', 1, '', 1);
INSERT INTO `word_list` VALUES (45, 'cousin', '表兄弟，表姐妹', 1, '', 1);
INSERT INTO `word_list` VALUES (46, 'attendant', '服务人员，侍者；随从', 1, '', 1);
INSERT INTO `word_list` VALUES (47, 'shelf', '架子，隔板', 1, '', 1);
INSERT INTO `word_list` VALUES (48, 'opposite', '对面的，对立的；相反的', 1, '', 1);
INSERT INTO `word_list` VALUES (49, 'primary', '最初的；主要的', 1, '', 1);
INSERT INTO `word_list` VALUES (50, 'shall', '将要；应该；就，该', 1, '', 1);
INSERT INTO `word_list` VALUES (51, 'present', '目前', 1, '', 1);
INSERT INTO `word_list` VALUES (52, 'rose', '玫瑰', 1, '', 1);
INSERT INTO `word_list` VALUES (53, 'away', '向远处，离开；不在的', 1, '', 1);
INSERT INTO `word_list` VALUES (54, 'biology', '生物学', 1, '', 1);
INSERT INTO `word_list` VALUES (55, 'cruel', '残忍的，残暴的', 1, '', 1);
INSERT INTO `word_list` VALUES (56, 'bee', '密封', 1, '', 1);
INSERT INTO `word_list` VALUES (57, 'modest', '谦虚的，谨慎的；舒适的', 1, '', 1);
INSERT INTO `word_list` VALUES (58, 'autograph', '亲笔签名', 1, '', 1);
INSERT INTO `word_list` VALUES (59, 'press', '报刊，新闻界；按，压', 1, '', 1);
INSERT INTO `word_list` VALUES (60, 'excite', '使兴奋；使激动', 1, '', 1);
INSERT INTO `word_list` VALUES (61, 'pride', '自豪，骄傲', 1, '', 1);
INSERT INTO `word_list` VALUES (62, 'casually', '偶然地；随便地；临时地', 1, '', 1);
INSERT INTO `word_list` VALUES (63, 'pour', '灌，倒；流出', 1, '', 1);
INSERT INTO `word_list` VALUES (64, 'frustrate', '使沮丧；失败', 1, '', 1);
INSERT INTO `word_list` VALUES (65, 'goat', '山羊 (sheep lamb)', 1, '', 1);
INSERT INTO `word_list` VALUES (66, 'attempt', '尝试，企图；努力', 1, '', 1);
INSERT INTO `word_list` VALUES (67, 'against', '逆，违反；对...不利', 1, '', 1);
INSERT INTO `word_list` VALUES (68, 'upset', '使苦恼，使心烦；', 1, '', 1);
INSERT INTO `word_list` VALUES (69, 'scary', '恐怖的，吓人的', 1, '', 1);
INSERT INTO `word_list` VALUES (70, 'escape', '逃脱,躲避', 1, '', 1);
INSERT INTO `word_list` VALUES (71, 'tragedy', '悲剧 (comedy)', 1, '', 1);
INSERT INTO `word_list` VALUES (72, 'clever', '聪明的；灵巧的', 1, '', 1);
INSERT INTO `word_list` VALUES (73, 'disturb', '弄乱，打乱', 1, '', 1);
INSERT INTO `word_list` VALUES (74, 'blow', '吹起；吹牛', 1, '', 1);
INSERT INTO `word_list` VALUES (75, 'sausage', '香肠', 1, '', 1);
INSERT INTO `word_list` VALUES (76, 'climb', '攀登', 1, '', 1);
INSERT INTO `word_list` VALUES (77, 'honest', '诚实；坦诚', 0, '', 1);
INSERT INTO `word_list` VALUES (78, 'adverb', '副词', 1, '', 1);
INSERT INTO `word_list` VALUES (79, 'con', '反对票，反对论', 1, '', 1);
INSERT INTO `word_list` VALUES (80, 'prove', '证明；结果是', 1, '', 1);
INSERT INTO `word_list` VALUES (81, 'frog', '蛙', 1, '', 1);
INSERT INTO `word_list` VALUES (82, 'talent', '天资；人才', 0, '', 1);
INSERT INTO `word_list` VALUES (83, 'cent', '分', 1, '', 1);
INSERT INTO `word_list` VALUES (84, 'drug', '药', 1, '', 1);
INSERT INTO `word_list` VALUES (85, 'rent', '出租；租金；裂缝，分歧', 1, '', 1);
INSERT INTO `word_list` VALUES (86, 'northem', '北方的', 1, '', 1);
INSERT INTO `word_list` VALUES (87, 'planet', '行星', 1, '', 1);
INSERT INTO `word_list` VALUES (88, 'candle', '蜡烛', 1, '', 1);
INSERT INTO `word_list` VALUES (89, 'possibly', '大概，也许', 1, '', 1);
INSERT INTO `word_list` VALUES (90, 'turtle', '海龟', 1, '', 1);
INSERT INTO `word_list` VALUES (91, 'quiet', '安静', 1, '', 1);
INSERT INTO `word_list` VALUES (92, 'humorous', '幽默的，诙谐的', 1, '', 1);
INSERT INTO `word_list` VALUES (93, 'prefer', '更喜欢，宁愿', 1, '', 1);
INSERT INTO `word_list` VALUES (94, 'shoe', '鞋', 1, '', 1);
INSERT INTO `word_list` VALUES (95, 'trash', '垃圾', 0, '', 1);
INSERT INTO `word_list` VALUES (96, 'lighting', '照明；照明设备；光线', 1, '', 1);
INSERT INTO `word_list` VALUES (97, 'relative', '相对的；比较的；亲属', 1, '', 1);
INSERT INTO `word_list` VALUES (98, 'shower', '淋浴', 1, '', 1);
INSERT INTO `word_list` VALUES (99, 'tail', '尾巴；后部，尾部；踪迹', 1, '', 1);
INSERT INTO `word_list` VALUES (100, 'freeze', '结冰，凝固', 1, '', 1);
INSERT INTO `word_list` VALUES (101, 'meter', '米，公尺', 1, '', 1);
INSERT INTO `word_list` VALUES (102, 'fill', '装满', 1, '', 1);
INSERT INTO `word_list` VALUES (103, 'concentrate', '全神贯注，全力以赴；集中', 1, '', 1);
INSERT INTO `word_list` VALUES (104, 'gum', '牙龈；口香糖；树胶', 1, '', 1);
INSERT INTO `word_list` VALUES (105, 'department', '部，局，处，科，系', 1, '', 1);
INSERT INTO `word_list` VALUES (106, 'fridge', '电冰箱', 1, '', 1);
INSERT INTO `word_list` VALUES (107, 'rubbish', '垃圾', 1, '', 1);
INSERT INTO `word_list` VALUES (108, 'manner', '方式，方法；态度，举止', 1, '', 1);
INSERT INTO `word_list` VALUES (109, 'graduate', '毕业；获学位', 1, '', 1);
INSERT INTO `word_list` VALUES (110, 'pleasure', '高兴，愉快', 1, '', 1);
INSERT INTO `word_list` VALUES (111, 'popcom', '爆米花', 1, '', 1);
INSERT INTO `word_list` VALUES (112, 'impress', '给...印象深刻', 1, '', 1);
INSERT INTO `word_list` VALUES (113, 'chop', '排骨；砍，伐，劈', 1, '', 1);
INSERT INTO `word_list` VALUES (114, 'upon', '在...只上', 1, '', 1);
INSERT INTO `word_list` VALUES (115, 'habitat', '栖息地，住处', 1, '', 1);
INSERT INTO `word_list` VALUES (116, 'fool', '蠢人，笨蛋；欺骗', 1, '', 1);
INSERT INTO `word_list` VALUES (117, 'instruction', '命令，指导；教学，教导', 1, '', 1);
INSERT INTO `word_list` VALUES (118, 'mine', '我的；矿山', 1, '', 1);
INSERT INTO `word_list` VALUES (119, 'charity', '慈善，施舍；慈善机构', 1, '', 1);
INSERT INTO `word_list` VALUES (120, 'purple', '紫色', 1, '', 1);
INSERT INTO `word_list` VALUES (121, 'suitcase', '手提箱，衣箱', 1, '', 1);
INSERT INTO `word_list` VALUES (122, 'worldwide', '世界范围的', 1, '', 1);
INSERT INTO `word_list` VALUES (123, 'celebrate', '庆祝；赞扬，歌颂', 1, '', 1);
INSERT INTO `word_list` VALUES (124, 'proper', '正确的；正当的；固有的，特有的', 1, '', 1);
INSERT INTO `word_list` VALUES (125, 'sour', '酸', 1, '', 1);
INSERT INTO `word_list` VALUES (126, 'poem', '诗', 1, '', 1);
INSERT INTO `word_list` VALUES (127, 'sentence', '句子', 1, '', 1);
INSERT INTO `word_list` VALUES (128, 'tasty', '美味的；引起食欲的；好吃的东西/delicious', 1, '', 1);
INSERT INTO `word_list` VALUES (129, 'grade', '等级', 1, '', 1);
INSERT INTO `word_list` VALUES (130, 'donate', '捐赠', 1, '', 1);
INSERT INTO `word_list` VALUES (131, 'advertisement', '广告；公告', 1, '', 1);
INSERT INTO `word_list` VALUES (132, 'coal', '煤，煤块', 1, '', 1);
INSERT INTO `word_list` VALUES (133, 'tour', '旅行，旅游', 0, '', 1);
INSERT INTO `word_list` VALUES (134, 'regular', '规则的；有规律的，定期的；整齐的；正规的；常规的', 1, '', 1);
INSERT INTO `word_list` VALUES (135, 'polar', '极地；磁极的；正好相反的，截然对立的', 1, '', 1);
INSERT INTO `word_list` VALUES (136, 'church', '教堂', 1, '', 1);
INSERT INTO `word_list` VALUES (137, 'subway', '地铁', 1, '', 1);
INSERT INTO `word_list` VALUES (138, 'pro', '投票赞成者；赞成的意见；赞成', 1, '', 1);
INSERT INTO `word_list` VALUES (139, 'calendar', '日历', 1, '', 1);
INSERT INTO `word_list` VALUES (140, 'guilty', '有罪的；犯罪的；感到惭愧的，内疚的', 1, '', 1);
INSERT INTO `word_list` VALUES (141, 'shape', '形状，体型', 1, '', 1);
INSERT INTO `word_list` VALUES (142, 'obey', '服从，听从', 1, '', 1);
INSERT INTO `word_list` VALUES (143, 'doubt', '疑惑，怀疑', 1, '', 1);
INSERT INTO `word_list` VALUES (144, 'cheer', '使振奋，使高兴', 1, '', 1);
INSERT INTO `word_list` VALUES (145, 'oak', '橡树，橡木', 1, '', 1);
INSERT INTO `word_list` VALUES (146, 'spot', '地点，处所；斑点，污点；少量；认出，发现；用点做记号', 1, '', 1);
INSERT INTO `word_list` VALUES (147, 'yoghurt', '酸奶', 1, '', 1);
INSERT INTO `word_list` VALUES (148, 'medium', '中等的；平均的；媒介，工具；手段，方法', 1, '', 1);
INSERT INTO `word_list` VALUES (149, 'greet', '问候，迎接', 1, '', 1);
INSERT INTO `word_list` VALUES (150, 'fry', '油煎，油炸', 1, '', 1);
INSERT INTO `word_list` VALUES (151, 'transportation', '运输，运输系统；运输工具', 1, '', 1);
INSERT INTO `word_list` VALUES (152, 'avenue', '林荫道；道路，大街', 1, '', 1);
INSERT INTO `word_list` VALUES (153, 'weak', '虚弱的，无力的；能力弱，差的；微弱的，稀薄的', 1, '', 1);
INSERT INTO `word_list` VALUES (154, 'rapid', '迅速的，快的', 1, '', 1);
INSERT INTO `word_list` VALUES (155, 'ancient', '古代的，古老的；年老的，看上去很老的', 1, '', 1);
INSERT INTO `word_list` VALUES (156, 'skate', '冰鞋；溜冰；滑冰', 1, '', 1);
INSERT INTO `word_list` VALUES (157, 'among', '在...之中', 1, '', 1);
INSERT INTO `word_list` VALUES (158, 'conjunction', '联合，连词', 1, '', 1);
INSERT INTO `word_list` VALUES (159, 'carry', '提，挑，背；运送，传播，携带；', 1, '', 1);
INSERT INTO `word_list` VALUES (160, 'stress', '压力，紧张；强调，重要性', 1, '', 1);
INSERT INTO `word_list` VALUES (161, 'fever', '发热，发烧；狂热', 1, '', 1);
INSERT INTO `word_list` VALUES (162, 'ourselves', '我们自己；我们亲自', 1, '', 1);
INSERT INTO `word_list` VALUES (163, 'carrot', '胡萝卜', 1, '', 1);
INSERT INTO `word_list` VALUES (164, 'partner', '配偶，搭档；伙伴，合伙', 1, '', 1);
INSERT INTO `word_list` VALUES (165, 'fence', '栅栏，篱笆；回避，搪塞', 1, '', 1);
INSERT INTO `word_list` VALUES (166, 'entertainment', '娱乐；表演会；招待，款待', 1, '', 1);
INSERT INTO `word_list` VALUES (167, 'chalk', '粉笔', 1, '', 1);
INSERT INTO `word_list` VALUES (168, 'attitude', '态度；看法，意见', 1, '', 1);
INSERT INTO `word_list` VALUES (169, 'spell', '咒语，符咒；魅力', 1, '', 1);
INSERT INTO `word_list` VALUES (170, 'robot', '机器人', 1, '', 1);
INSERT INTO `word_list` VALUES (171, 'creative', '创造性，具有创造力的', 1, '', 1);
INSERT INTO `word_list` VALUES (172, 'soccer', '足球', 1, '', 1);
INSERT INTO `word_list` VALUES (173, 'glad', '高兴地，快活的；；令人高兴的，给人带来喜悦的', 1, '', 1);
INSERT INTO `word_list` VALUES (174, 'spotlight', '聚光灯；公共的注意；特别关注；突出报道', 1, '', 1);
INSERT INTO `word_list` VALUES (175, 'album', '粘贴簿；相册；音乐专辑；集邮簿', 1, '', 1);
INSERT INTO `word_list` VALUES (176, 'whole', '全部的，全体的；完整的', 1, '', 1);
INSERT INTO `word_list` VALUES (177, 'thick', '厚的，粗的；笨的；迟钝的', 1, '', 1);
INSERT INTO `word_list` VALUES (178, 'garage', '车库；汽车修理行； parking garage', 1, '', 1);
INSERT INTO `word_list` VALUES (179, 'prison', '监狱', 1, '', 1);
INSERT INTO `word_list` VALUES (180, 'strategy', '策略,战略', 1, '', 1);
INSERT INTO `word_list` VALUES (181, 'complain', '抱怨', 1, '', 1);
INSERT INTO `word_list` VALUES (182, 'essay', '短文 (easy 简单)', 1, '', 1);
INSERT INTO `word_list` VALUES (183, 'nervous', '神经紧张,情绪不安', 1, '', 1);
INSERT INTO `word_list` VALUES (184, 'poster', '海报', 1, '', 1);
INSERT INTO `word_list` VALUES (185, 'bush', '灌木,灌木丛', 1, '', 1);
INSERT INTO `word_list` VALUES (186, 'grape', '葡萄', 1, '', 1);
INSERT INTO `word_list` VALUES (187, 'divide', '分隔，分享，分歧，分开', 1, '', 1);
INSERT INTO `word_list` VALUES (188, 'iron', '烙铁', 1, '', 1);
INSERT INTO `word_list` VALUES (189, 'anymore', '不再', 1, '', 1);
INSERT INTO `word_list` VALUES (190, 'specifically', '明确地，特定地，具体地', 1, '', 1);
INSERT INTO `word_list` VALUES (191, 'treasure', '财宝，珍品；珍爱，珍视', 1, '', 1);
INSERT INTO `word_list` VALUES (192, 'saying', '话，言语；俗话；成语，格言，谚语，口头禅', 1, '', 1);
INSERT INTO `word_list` VALUES (193, 'firm', '公司，商行；坚实的，结实的；稳固的；坚定地；坚决的', 1, '', 1);
INSERT INTO `word_list` VALUES (194, 'suitable', '适当的，相配的；合适的，适宜的', 1, '', 1);
INSERT INTO `word_list` VALUES (195, 'bulb', '灯泡；植物的球茎', 1, '', 1);
INSERT INTO `word_list` VALUES (196, 'clap', '拍手，鼓掌', 1, '', 1);
INSERT INTO `word_list` VALUES (197, 'accident', '意外事故，事故', 1, '', 1);
INSERT INTO `word_list` VALUES (198, 'rope', '绳索，线缆；用绳捆', 1, '', 1);
INSERT INTO `word_list` VALUES (199, 'prize', '奖赏，奖金，奖品；值得追求的东西', 1, '', 1);
INSERT INTO `word_list` VALUES (200, 'teenager', '十几岁的青少年', 1, '', 1);
INSERT INTO `word_list` VALUES (201, 'statement', '声明', 1, '', 1);
INSERT INTO `word_list` VALUES (202, 'seal', '密封', 1, '', 1);
INSERT INTO `word_list` VALUES (203, 'glue', '胶水', 1, '', 1);
INSERT INTO `word_list` VALUES (204, 'under', '正下方,（blow可以不是正下方）', 1, '', 1);
INSERT INTO `word_list` VALUES (205, 'diary', '日记', 1, '', 1);
INSERT INTO `word_list` VALUES (206, 'shout', '喊', 1, '', 1);
INSERT INTO `word_list` VALUES (207, 'supply', '提供', 1, '', 1);
INSERT INTO `word_list` VALUES (208, 'several', '几个,数个', 1, '', 1);
INSERT INTO `word_list` VALUES (209, 'inspect', '检查,审视', 1, '', 1);
INSERT INTO `word_list` VALUES (210, 'district', '地区', 1, '', 1);
INSERT INTO `word_list` VALUES (211, 'marathon', '马拉松', 1, '', 1);
INSERT INTO `word_list` VALUES (212, 'rather', '相当地', 1, '', 1);
INSERT INTO `word_list` VALUES (213, 'ink', '墨水', 1, '', 1);
INSERT INTO `word_list` VALUES (214, 'advantage', '优势', 1, '', 1);
INSERT INTO `word_list` VALUES (215, 'hill', '山丘', 1, '', 1);
INSERT INTO `word_list` VALUES (216, 'purpose', '目地', 1, '', 1);
INSERT INTO `word_list` VALUES (217, 'association', '协会', 1, '', 1);
INSERT INTO `word_list` VALUES (218, 'Jew', '犹太人', 1, '', 1);
INSERT INTO `word_list` VALUES (219, 'mention', '提及,说起', 1, '', 1);
INSERT INTO `word_list` VALUES (220, 'hallway', '走廊', 1, '', 1);
INSERT INTO `word_list` VALUES (221, 'Atlantic', '大西洋', 1, '', 1);
INSERT INTO `word_list` VALUES (222, 'dialogue', '对话', 1, '', 1);
INSERT INTO `word_list` VALUES (223, 'positive', '积极的，正面的；肯定的；', 1, '', 1);
INSERT INTO `word_list` VALUES (224, 'fiction', '小说', 1, '', 1);
INSERT INTO `word_list` VALUES (225, 'pear', '梨', 0, '', 1);
INSERT INTO `word_list` VALUES (226, 'afford', '买得起，负担得起；提供，给与', 1, '', 1);
INSERT INTO `word_list` VALUES (227, 'escalator', '自动扶梯', 1, '', 1);
INSERT INTO `word_list` VALUES (228, 'surf', '拍案浪花；拍岸涛声；冲浪，浏览', 1, '', 1);
INSERT INTO `word_list` VALUES (229, 'pressure', '压力，压强；强制', 1, '', 1);
INSERT INTO `word_list` VALUES (230, 'enemy', '敌人，仇敌', 1, '', 1);
INSERT INTO `word_list` VALUES (231, 'vocabulary', '词汇，词汇量', 1, '', 1);
INSERT INTO `word_list` VALUES (232, 'comma', '符号', 1, '', 1);
INSERT INTO `word_list` VALUES (233, 'quality', '质量；品德；性质；优良的', 1, '', 1);
INSERT INTO `word_list` VALUES (234, 'furniture', '家具', 1, '', 1);
INSERT INTO `word_list` VALUES (235, 'glove', '手套', 1, '', 1);
INSERT INTO `word_list` VALUES (236, 'president', '总统；主席；校长；董事长', 1, '', 1);
INSERT INTO `word_list` VALUES (237, 'bell', '钟；钟声；铃声', 1, '', 1);
INSERT INTO `word_list` VALUES (238, 'though', '尽管；可是，然而', 1, '', 1);
INSERT INTO `word_list` VALUES (239, 'tale', '故事，传说', 1, '', 1);
INSERT INTO `word_list` VALUES (240, 'special', '特别', 1, '', 1);
INSERT INTO `word_list` VALUES (241, 'population', '人口', 1, '', 1);
INSERT INTO `word_list` VALUES (242, 'hum', '哼曲子；发出嗡嗡声；忙碌；嗡嗡声', 1, '', 1);
INSERT INTO `word_list` VALUES (243, 'offer', '给与，提供；表示愿意；提出，提议；报价', 1, '', 1);
INSERT INTO `word_list` VALUES (244, 'pick', '挑选，选择；采摘', 1, '', 1);
INSERT INTO `word_list` VALUES (245, 'province', '省；领域；范围', 1, '', 1);
INSERT INTO `word_list` VALUES (246, 'coach', '教练，指导；长途公共汽车', 1, '', 1);
INSERT INTO `word_list` VALUES (247, 'elementary', '基本的，基础的；初级的，小学的；', 1, '', 1);
INSERT INTO `word_list` VALUES (248, 'talented', '有才能的，有才干的；天才的', 1, '', 1);
INSERT INTO `word_list` VALUES (249, 'duty', '责任，义务；职责，职务', 1, '', 1);
INSERT INTO `word_list` VALUES (250, 'doll', '玩偶', 1, '', 1);
INSERT INTO `word_list` VALUES (251, 'fold', '褶痕；折叠', 1, '', 1);
INSERT INTO `word_list` VALUES (252, 'toy', '玩具', 1, '', 1);
INSERT INTO `word_list` VALUES (253, 'insist', '坚持要求，强调；坚决主张，坚持说，固执', 1, '', 1);
INSERT INTO `word_list` VALUES (254, 'opinion', '意见，主张', 1, '', 1);
INSERT INTO `word_list` VALUES (255, 'guess', '推测，猜测', 1, '', 1);
INSERT INTO `word_list` VALUES (256, 'praise', '赞扬，表扬', 1, '', 1);
INSERT INTO `word_list` VALUES (257, 'solid', '固体的，实心的', 1, '', 1);
INSERT INTO `word_list` VALUES (258, 'culture', '文化，文明；教养；', 1, '', 1);
INSERT INTO `word_list` VALUES (259, 'Mars', '火星', 1, '', 1);
INSERT INTO `word_list` VALUES (260, 'structure', '结构；建筑物', 1, '', 1);
INSERT INTO `word_list` VALUES (261, 'costume', '戏装，成套服装', 1, '', 1);
INSERT INTO `word_list` VALUES (262, 'major', '较大的；主要的，专业；陆军少校；主修，专供', 1, '', 1);
INSERT INTO `word_list` VALUES (263, 'legend', '传说，传奇人物', 1, '', 1);
INSERT INTO `word_list` VALUES (264, 'guard', '境界警备；警卫员，看守；收尾，保卫；防止，防范', 1, '', 1);
INSERT INTO `word_list` VALUES (265, 'gallery', '画廊，美术馆；楼座；廊台，走廊', 1, '', 1);
INSERT INTO `word_list` VALUES (266, 'spirit', '精神；灵魂；勇气，气魄', 1, '', 1);
INSERT INTO `word_list` VALUES (267, 'wild', '野生的，为驯化的；荒凉的；狂热的；野蛮的', 1, '', 1);
INSERT INTO `word_list` VALUES (268, 'till', '直到', 1, '', 1);
INSERT INTO `word_list` VALUES (269, 'consider', '考虑；认为，把...看作；关心', 1, '', 1);
INSERT INTO `word_list` VALUES (270, 'situation', '形式，局面，处境；环境；职位', 1, '', 1);
INSERT INTO `word_list` VALUES (271, 'pleasant', '舒适的，令人愉快的', 1, '', 1);
INSERT INTO `word_list` VALUES (272, 'surface', '表面，外表；浮出水面；浮现', 1, '', 1);
INSERT INTO `word_list` VALUES (273, 'found', '创立，创办，创建', 1, '', 1);
INSERT INTO `word_list` VALUES (274, 'kangaroo', '袋鼠', 1, '', 1);
INSERT INTO `word_list` VALUES (275, 'worst', '最坏，最糟，最差', 1, '', 1);
INSERT INTO `word_list` VALUES (276, 'opportunity', '机会，良机', 1, '', 1);
INSERT INTO `word_list` VALUES (277, 'force', '军队；暴力，武力；影响；强迫', 1, '', 1);
INSERT INTO `word_list` VALUES (278, 'railway', '铁道，铁路', 1, '', 1);
INSERT INTO `word_list` VALUES (279, 'marry', '娶,嫁；和...结婚', 1, '', 1);
INSERT INTO `word_list` VALUES (280, 'native', '出生地的；当地的；土生土长的；', 1, '', 1);
INSERT INTO `word_list` VALUES (281, 'purse', '钱包；女用小包', 1, '', 1);
INSERT INTO `word_list` VALUES (282, 'bow', '弓，弓形物；鞠躬，低头', 1, '', 1);
INSERT INTO `word_list` VALUES (283, 'Paris', '巴黎', 0, '', 1);
INSERT INTO `word_list` VALUES (284, 'deaf', '聋的；不愿听的，装聋的；', 1, '', 1);
INSERT INTO `word_list` VALUES (285, 'fetch', '拿来，请来', 1, '', 1);
INSERT INTO `word_list` VALUES (286, 'zebra', '斑马', 1, '', 1);
INSERT INTO `word_list` VALUES (287, 'criticize', '批评；评论', 1, '', 1);
INSERT INTO `word_list` VALUES (288, 'court', '法庭；追求，求爱', 1, '', 1);
INSERT INTO `word_list` VALUES (289, 'strange', '奇怪的，奇异的；陌生的', 1, '', 1);
INSERT INTO `word_list` VALUES (290, 'decide', '决定；使下决心', 1, '', 1);
INSERT INTO `word_list` VALUES (291, 'large', '大的；数量多的', 1, '', 1);
INSERT INTO `word_list` VALUES (292, 'exhibition', '展览', 1, '', 1);
INSERT INTO `word_list` VALUES (293, 'awful', '糟糕的；极坏的', 1, '', 1);
INSERT INTO `word_list` VALUES (294, 'unless', '除非，如果不', 1, '', 1);
INSERT INTO `word_list` VALUES (295, 'stage', '舞台，后台；平台', 1, '', 1);
INSERT INTO `word_list` VALUES (296, 'popularity', '普及，流星', 1, '', 1);
INSERT INTO `word_list` VALUES (297, 'toast', '烤面包，吐司；烘烤', 1, '', 1);
INSERT INTO `word_list` VALUES (298, 'stick', '棍，棒；刺，戳，插', 1, '', 1);
INSERT INTO `word_list` VALUES (299, 'chore', '家庭杂物；令人厌烦的工作', 1, '', 1);
INSERT INTO `word_list` VALUES (300, 'realistic', '现实的，现实主义的；逼真的', 1, '', 1);
INSERT INTO `word_list` VALUES (301, 'wheat', '小麦；淡黄色；朴实的人', 1, '', 1);
INSERT INTO `word_list` VALUES (302, 'lookout', '警戒，监视；瞭望台，监视哨', 1, '', 1);
INSERT INTO `word_list` VALUES (303, 'prevent', '阻止，妨碍', 1, '', 1);
INSERT INTO `word_list` VALUES (304, 'singular', '单数的；单一的', 1, '', 1);
INSERT INTO `word_list` VALUES (305, 'seek', '寻找，寻求；征求；请求；尝试，设法；探索', 1, '', 1);
INSERT INTO `word_list` VALUES (306, 'aunt', '姑妈', 1, '', 1);
INSERT INTO `word_list` VALUES (307, 'misleading', '令人误解的；引入歧途的；欺骗的；迷惑人的', 1, '', 1);
INSERT INTO `word_list` VALUES (308, 'therefore', '因此，所以', 1, '', 1);
INSERT INTO `word_list` VALUES (309, 'stomach', '胃，胃口；肚子，腹部；承受；吃得下', 1, '', 1);
INSERT INTO `word_list` VALUES (310, 'perform', '表演；做，履行，完成', 1, '', 1);
INSERT INTO `word_list` VALUES (311, 'bored', '无聊的，无趣的；厌烦的', 1, '', 1);
INSERT INTO `word_list` VALUES (312, 'trade', '贸易，商业；行业，职业', 1, '', 1);
INSERT INTO `word_list` VALUES (313, 'elbow', '肘部；用肘推', 1, '', 1);
INSERT INTO `word_list` VALUES (314, 'cheat', '欺骗，片区；作弊', 1, '', 1);
INSERT INTO `word_list` VALUES (315, 'uniform', '制服，相同的，一致的', 1, '', 1);
INSERT INTO `word_list` VALUES (316, 'describe', '描写，描述；说明', 1, '', 1);
INSERT INTO `word_list` VALUES (317, 'careless', '粗心的；草率的；不关心的', 1, '', 1);
INSERT INTO `word_list` VALUES (318, 'promise', '答应，允诺', 1, '', 1);
INSERT INTO `word_list` VALUES (319, 'operate', '动手术；起作用；经营，管理', 1, '', 1);
INSERT INTO `word_list` VALUES (320, 'terrorist', '恐怖主义者', 1, '', 1);
INSERT INTO `word_list` VALUES (321, 'fax', '传真', 1, '', 1);
INSERT INTO `word_list` VALUES (322, 'raise', '举起，提高；提出；(工资)提高，增加；养育', 1, '', 1);
INSERT INTO `word_list` VALUES (323, 'combine', '联合，结合；联合企业', 1, '', 1);
INSERT INTO `word_list` VALUES (324, 'survery', '调查', 1, '', 1);
INSERT INTO `word_list` VALUES (325, 'aid', '帮助；助手；辅助手段', 1, '', 1);
INSERT INTO `word_list` VALUES (326, 'chase', '追捕；追求', 1, '', 1);
INSERT INTO `word_list` VALUES (327, 'sink', '下沉，使下沉；下落；水槽，水池', 1, '', 1);
INSERT INTO `word_list` VALUES (328, 'farmer', '农民', 1, '', 1);
INSERT INTO `word_list` VALUES (329, 'disadvantage', '缺点，不利条件', 1, '', 1);
INSERT INTO `word_list` VALUES (330, 'prepare', '准备，预备', 1, '', 1);
INSERT INTO `word_list` VALUES (331, 'passage', '段落，章节；通道；流逝，推移', 1, '', 1);
INSERT INTO `word_list` VALUES (332, 'zigzag', '蜿蜒曲折', 1, '', 1);
INSERT INTO `word_list` VALUES (333, 'treatment', '治疗，疗法；对待，待遇；处理', 1, '', 1);
INSERT INTO `word_list` VALUES (334, 'recycle', '回收利用，在应用', 1, '', 1);
INSERT INTO `word_list` VALUES (335, 'trip', '旅行，旅游', 1, '', 1);
INSERT INTO `word_list` VALUES (336, 'physics', '物理', 1, '', 1);
INSERT INTO `word_list` VALUES (337, 'social', '社会', 1, '', 1);
INSERT INTO `word_list` VALUES (338, 'cupboard', '柜橱', 1, '', 1);
INSERT INTO `word_list` VALUES (339, 'tutor', '导师', 1, '', 1);
INSERT INTO `word_list` VALUES (340, 'worse', '更坏的,更差的', 1, '', 1);
INSERT INTO `word_list` VALUES (341, 'impossible', '不可能的', 1, '', 1);
INSERT INTO `word_list` VALUES (342, 'negative', '否定的;消极的;负数', 1, '', 1);
INSERT INTO `word_list` VALUES (343, 'furry', '毛皮的;盖着毛皮的', 1, '', 1);
INSERT INTO `word_list` VALUES (344, 'heel', '脚后跟;鞋袜等...后跟', 1, '', 1);
INSERT INTO `word_list` VALUES (345, 'fact', '事实', 1, '', 1);
INSERT INTO `word_list` VALUES (346, 'course', '课程;经过', 1, '', 1);
INSERT INTO `word_list` VALUES (347, 'slide', '滑动,下滑', 1, '', 1);
INSERT INTO `word_list` VALUES (348, 'recent', '最近的', 1, '', 1);
INSERT INTO `word_list` VALUES (349, 'infinitive', '原形', 1, '', 1);
INSERT INTO `word_list` VALUES (350, 'bright', '明亮的,光亮的', 1, '', 1);
INSERT INTO `word_list` VALUES (351, 'tie', '栓，扎；把...打结，系上；平局', 1, '', 1);
INSERT INTO `word_list` VALUES (352, 'appointment', '约会；约定；任命；职务', 1, '', 1);
INSERT INTO `word_list` VALUES (353, 'symphony', '交响乐，交响曲；和谐，协调', 1, '', 1);
INSERT INTO `word_list` VALUES (354, 'spare', '备用的；多余的；空闲的；留出，抽出；饶恕，不伤害；备用品', 1, '', 1);
INSERT INTO `word_list` VALUES (355, 'chest', '胸，胸腔；柜子，橱 和breast(胸部)一起记', 1, '', 1);
INSERT INTO `word_list` VALUES (356, 'gentle', '温柔的，慈祥的；文雅的，有礼貌的', 1, '', 1);
INSERT INTO `word_list` VALUES (357, 'behave', '表现；有礼貌；', 1, '', 1);
INSERT INTO `word_list` VALUES (358, 'spoken', '口头的，口语的', 1, '', 1);
INSERT INTO `word_list` VALUES (359, 'establish', '建立，设立；确定，证实', 1, '', 1);
INSERT INTO `word_list` VALUES (360, 'shock', '震动；震惊', 0, '', 1);
INSERT INTO `word_list` VALUES (361, 'rank', '等级；军衔；排列；将...分等级；', 1, '', 1);
INSERT INTO `word_list` VALUES (362, 'progress', '前进；进步；进展', 1, '', 1);
INSERT INTO `word_list` VALUES (363, 'serious', '不好的; 严重的; 有危险的; 需认真思考的; 严肃的; 重要的; 须重视的', 1, '', 1);
INSERT INTO `word_list` VALUES (364, 'certain', '确实; 确定; 肯定; 确信; 无疑; 某事，某人，某种; 某些', 1, '', 1);
INSERT INTO `word_list` VALUES (365, 'illness', '疾病，病; 病; 患病期', 1, '', 1);
INSERT INTO `word_list` VALUES (366, 'chairman', '主席，主持人; 委员长，主席; 董事长; 担任…的', 1, '', 1);
INSERT INTO `word_list` VALUES (367, 'dozen', '打; 十二个; 十来个; 十几个; 十多个; 许多; 很多', 1, '', 1);
INSERT INTO `word_list` VALUES (368, 'mad', '疯的; 神经错乱的; 有精神病的; 极愚蠢的; 很不明智的', 1, '', 1);
INSERT INTO `word_list` VALUES (369, 'pet', '宠物; 宠儿; 宝贝; 红人; 宝贝儿，乖乖; 抚摸; 摩挲; 亲吻', 1, '', 1);
INSERT INTO `word_list` VALUES (370, 'prediction', '预言;预测;预告', 1, '', 1);
INSERT INTO `word_list` VALUES (371, 'feature', '特色; 特征; 特点; 面容的一部分; 特写，专题节目', 1, '', 1);
INSERT INTO `word_list` VALUES (372, 'penny', '便士(英国的小硬币和货币单位，1英镑为100便士);', 1, '', 1);
INSERT INTO `word_list` VALUES (373, 'dormitory', '集体宿舍; 学生宿舍', 1, '', 1);
INSERT INTO `word_list` VALUES (374, 'belt', '腰带; 皮带; 传送带; 传动带; 地带; 地区; 猛击; 狠打;', 1, '', 1);
INSERT INTO `word_list` VALUES (375, 'recite', '背诵，吟诵，朗诵; 列举; 逐一讲述', 1, '', 1);
INSERT INTO `word_list` VALUES (376, 'southern', '南方', 1, '', 1);
INSERT INTO `word_list` VALUES (377, 'express', '表示;表达;表露;特快列车;快件服务;快递服务;快运服务', 1, '', 1);
INSERT INTO `word_list` VALUES (378, 'peel', '剥(水果、蔬菜等的)皮;去皮;剥掉;揭掉;剥落;脱落', 1, '', 1);
INSERT INTO `word_list` VALUES (379, 'steal', '偷; 窃取; 偷偷地移动; 偷垒', 1, '', 1);
INSERT INTO `word_list` VALUES (380, 'regret', '感到遗憾; 惋惜; 懊悔; 有礼貌地或正式地表示抱歉', 1, '', 1);
INSERT INTO `word_list` VALUES (381, 'envelope', '信封;塑料封套;塑料封皮', 1, '', 1);
INSERT INTO `word_list` VALUES (382, 'fair', '合理的; 恰当的; 适当的; 平等待人的，秉公办事的', 1, '', 1);
INSERT INTO `word_list` VALUES (383, 'rural', '乡村的; 农村的; 似农村的', 1, '', 1);
INSERT INTO `word_list` VALUES (384, 'quite', '颇; 相当; 某种程度上; 完全; 十分; 非常; 彻底;', 1, '', 1);
INSERT INTO `word_list` VALUES (385, 'realize', '理解; 领会; 认识到; 意识到; 实现; 将…变为现实;', 1, '', 1);
INSERT INTO `word_list` VALUES (386, 'blank', '空白的; 空的; 无图画的; 没表情的; 不理解的;', 1, '', 1);
INSERT INTO `word_list` VALUES (387, 'opera', '歌剧; 歌剧剧本; 歌剧艺术; 歌剧团; 歌剧院;', 1, '', 1);
INSERT INTO `word_list` VALUES (388, 'recipe', '烹饪法; 食谱; 方法; 秘诀; 诀窍', 1, '', 1);
INSERT INTO `word_list` VALUES (389, 'quarter', '四等份之一; 15分钟，一刻钟; 三个月时间;', 1, '', 1);
INSERT INTO `word_list` VALUES (390, 'choice', '选择; 挑选; 抉择; 选择权; 选择的可能性; 入选者;', 1, '', 1);
INSERT INTO `word_list` VALUES (391, 'flight', '空中航行，航程; 航班飞机; 班机; 飞行; 飞翔;', 1, '', 1);
INSERT INTO `word_list` VALUES (392, 'lake', '湖; 湖泊', 1, '', 1);
INSERT INTO `word_list` VALUES (393, 'ability', '能力; 才能; 本领; 才智', 1, '', 1);
INSERT INTO `word_list` VALUES (394, 'tense', '神经紧张的; 担心的; 不能松弛的; 令人紧张的;', 1, '', 1);
INSERT INTO `word_list` VALUES (395, 'modern', '现代的; 当代的; 近代的; 新式的; 有别于传统的;', 1, '', 1);
INSERT INTO `word_list` VALUES (396, 'kite', '风筝; 鸢; 使用骗钱; 涂改', 1, '', 1);
INSERT INTO `word_list` VALUES (397, 'scientific', '科学的; 关于科学的; 细致严谨的', 1, '', 1);
INSERT INTO `word_list` VALUES (398, 'experiment', '实验; 试验; 尝试; 实践; 做试验; 进行实验; 试用', 1, '', 1);
INSERT INTO `word_list` VALUES (399, 'encourage', '支持; 鼓励; 激励; 鼓动; 劝告; 怂恿; 促进; 助长;', 1, '', 1);
INSERT INTO `word_list` VALUES (400, 'plenty', '大量; 众多; 充足; 很多; 足够有余; 非常; 十分;', 1, '', 1);
INSERT INTO `word_list` VALUES (401, 'concert', '音乐会; 演奏会', 1, '', 1);
INSERT INTO `word_list` VALUES (403, 'wise', '有智慧的,聪明的,英明的', 1, '', 1);
INSERT INTO `word_list` VALUES (404, 'spread', '展开,伸开,传播', 1, '', 1);
INSERT INTO `word_list` VALUES (405, 'instance', '例子,实例', 0, '', 1);
INSERT INTO `word_list` VALUES (406, 'fear', '害怕,恐慌', 1, '', 1);
INSERT INTO `word_list` VALUES (407, 'hurry', '催促,急运', 1, '', 1);
INSERT INTO `word_list` VALUES (408, 'business', '交易,生意,营业', 1, '', 1);
INSERT INTO `word_list` VALUES (409, 'clerk', '店员', 1, '', 1);
INSERT INTO `word_list` VALUES (410, 'industry', '工业,产业', 1, '', 1);
INSERT INTO `word_list` VALUES (411, 'represent', '作为...的代表,描述 (present 目前 颁发 授予)', 1, '', 1);
INSERT INTO `word_list` VALUES (412, 'whale', '鲸', 1, '', 1);
INSERT INTO `word_list` VALUES (413, 'belone', '属于', 1, '', 1);
INSERT INTO `word_list` VALUES (414, 'impolite', '不礼貌的,粗鲁的(polite礼貌的)', 1, '', 1);
INSERT INTO `word_list` VALUES (415, 'above', '在...上方', 1, '', 1);
INSERT INTO `word_list` VALUES (416, 'proud', '骄傲的,傲慢的', 1, '', 1);
INSERT INTO `word_list` VALUES (417, 'labor', '劳动,工作', 1, '', 1);
INSERT INTO `word_list` VALUES (418, 'pronounce', '发音;宣布', 1, '', 1);
INSERT INTO `word_list` VALUES (419, 'slice', '切成片', 1, '', 1);
INSERT INTO `word_list` VALUES (420, 'slipper', '拖鞋', 1, '', 1);
INSERT INTO `word_list` VALUES (421, 'turkey', '火鸡肉', 1, '', 1);
INSERT INTO `word_list` VALUES (422, 'million', '百万', 1, '', 1);
INSERT INTO `word_list` VALUES (423, 'breath', '气息', 1, '', 1);
INSERT INTO `word_list` VALUES (424, 'capital', '资本', 1, '', 1);
INSERT INTO `word_list` VALUES (425, 'verb', '动词', 1, '', 1);
INSERT INTO `word_list` VALUES (426, 'elephant', '象', 1, '', 1);
INSERT INTO `word_list` VALUES (427, 'sail', '航行', 1, '', 1);
INSERT INTO `word_list` VALUES (428, 'specially', '特意地,专门的;格外的', 1, '', 1);
INSERT INTO `word_list` VALUES (429, 'queue', '人或车辆的行列;排成队', 1, '', 1);
INSERT INTO `word_list` VALUES (430, 'absent', '缺席', 1, '', 1);
INSERT INTO `word_list` VALUES (431, 'equipment', '装备', 1, '', 1);
INSERT INTO `word_list` VALUES (432, 'sense', '感官', 1, '', 1);
INSERT INTO `word_list` VALUES (433, 'emotion', '感情', 1, '', 1);
INSERT INTO `word_list` VALUES (434, 'flee', '逃跑', 1, '', 1);
INSERT INTO `word_list` VALUES (435, 'wound', '伤口,创伤', 1, '', 1);
INSERT INTO `word_list` VALUES (436, 'specific', '详情，细节；特定的，特有的', 1, '', 1);
INSERT INTO `word_list` VALUES (437, 'servant', '仆人;公务员', 1, '', 1);
INSERT INTO `word_list` VALUES (438, 'phrase', '短语，词组；用语言表达', 1, '', 1);
INSERT INTO `word_list` VALUES (439, 'calm', '平静的', 1, '', 1);
INSERT INTO `word_list` VALUES (440, 'scene', '一场', 1, '', 1);
INSERT INTO `word_list` VALUES (441, 'jungle', '丛林', 1, '', 1);
INSERT INTO `word_list` VALUES (442, 'dismiss', '不接受；解雇', 1, '', 1);
INSERT INTO `word_list` VALUES (443, 'hen', '母鸡', 1, '', 1);
INSERT INTO `word_list` VALUES (444, 'plain', '清晰', 1, '', 1);
INSERT INTO `word_list` VALUES (445, 'unpleasant', '不客气,是人不愉快的', 1, '', 1);
INSERT INTO `word_list` VALUES (446, 'rush', '冲，急流；交通繁忙', 1, '', 1);
INSERT INTO `word_list` VALUES (447, 'dessert', '甜点 (desert 沙漠)', 1, '', 1);
INSERT INTO `word_list` VALUES (448, 'staff', '全体职工，工作人员', 1, '', 1);
INSERT INTO `word_list` VALUES (449, 'dull', '乏味的,单调的', 1, '', 1);
INSERT INTO `word_list` VALUES (450, 'degree', '程度,学位', 1, '', 1);
INSERT INTO `word_list` VALUES (451, 'pretend', '假装', 1, '', 1);
INSERT INTO `word_list` VALUES (452, 'homeless', '无家可归的', 1, '', 1);
INSERT INTO `word_list` VALUES (453, 'particular', '特定的,特别的', 1, '', 1);
INSERT INTO `word_list` VALUES (454, 'hardly', '几乎不,简直不;刚刚,仅仅', 1, '', 1);
INSERT INTO `word_list` VALUES (455, 'stamp', '邮票', 1, '', 1);
INSERT INTO `word_list` VALUES (456, 'medal', '奖牌', 1, '', 1);
INSERT INTO `word_list` VALUES (457, 'relation', '关系', 1, '', 1);
INSERT INTO `word_list` VALUES (458, 'swing', '摆动，摇摆', 1, '', 1);
INSERT INTO `word_list` VALUES (459, 'creature', '生物,动物', 1, '', 1);
INSERT INTO `word_list` VALUES (460, 'custom', '习惯,风俗', 1, '', 1);
INSERT INTO `word_list` VALUES (461, 'ton', '吨', 1, '', 1);
INSERT INTO `word_list` VALUES (462, 'wealth', '财富', 1, '', 1);
INSERT INTO `word_list` VALUES (463, 'parrot', '鹦鹉', 1, '', 1);
INSERT INTO `word_list` VALUES (464, 'throat', '嗓子,咽喉', 1, '', 1);
INSERT INTO `word_list` VALUES (465, 'drum', '鼓', 1, '', 1);
INSERT INTO `word_list` VALUES (466, 'pity', '同情,可怜', 1, '', 1);
INSERT INTO `word_list` VALUES (467, 'aloud', '出声地,大声地', 1, '', 1);
INSERT INTO `word_list` VALUES (468, 'pierce', '刺穿,刺破,穿透', 1, '', 1);
INSERT INTO `word_list` VALUES (469, 'offend', '冒犯,得罪;伤害...的感情', 1, '', 1);
INSERT INTO `word_list` VALUES (470, 'silver', '银', 1, '', 1);
INSERT INTO `word_list` VALUES (471, 'argue', '争论;说服劝说', 1, '', 1);
INSERT INTO `word_list` VALUES (472, 'influence', '影响', 1, '', 1);
INSERT INTO `word_list` VALUES (473, 'overseas', '在海外', 1, '', 1);
INSERT INTO `word_list` VALUES (474, 'state', '状态', 1, '', 1);
INSERT INTO `word_list` VALUES (475, 'mystery', '神秘', 1, '', 1);
INSERT INTO `word_list` VALUES (476, 'nurse', '护士', 1, '', 1);
INSERT INTO `word_list` VALUES (477, 'laboratory', '实验室', 1, '', 1);
INSERT INTO `word_list` VALUES (478, 'disrupts', '扰乱', 1, '', 2);
INSERT INTO `word_list` VALUES (479, 'briefly', '简要地', 1, '', 2);
INSERT INTO `word_list` VALUES (480, 'typically', '通常', 1, '', 2);
INSERT INTO `word_list` VALUES (481, 'scale', '规模', 1, '', 2);
INSERT INTO `word_list` VALUES (482, 'undergo', '经历', 1, '', 2);
INSERT INTO `word_list` VALUES (483, 'routine', '常规', 1, '', 2);
INSERT INTO `word_list` VALUES (484, 'comprehensive', '全部的;所有的;', 1, '', 2);
INSERT INTO `word_list` VALUES (485, 'enterprise', '公司;企业单位;事业单位', 1, '', 2);
INSERT INTO `word_list` VALUES (486, 'infrastructural', '基础设施;基础系统;基础的', 1, '', 2);
INSERT INTO `word_list` VALUES (487, 'focuses', '集中(注意力、精力等于);', 1, '', 2);
INSERT INTO `word_list` VALUES (488, 'plumbing', '(建筑物的)管路系统，自来水管道;水暖工的工作\nv.\n探索;钻研;探究', 1, '', 2);
INSERT INTO `word_list` VALUES (489, 'Policy', '政策', 1, '', 2);
INSERT INTO `word_list` VALUES (490, 'dynamic', '动态;力学;动力学;动力', 1, '', 2);
INSERT INTO `word_list` VALUES (491, 'consistent', '一致的;始终如一的;连续的;持续的;', 1, '', 2);
INSERT INTO `word_list` VALUES (492, 'retaining', '保持;持有;保留;', 1, '', 2);
INSERT INTO `word_list` VALUES (493, 'traits', '特征，特性，特点', 1, '', 2);
INSERT INTO `word_list` VALUES (494, 'underlying', '构成…的基础;作为…的原因', 1, '', 2);
INSERT INTO `word_list` VALUES (495, 'contains', '包含;含有;容纳;', 1, '', 2);
INSERT INTO `word_list` VALUES (496, 'derivation', '(尤指词语的)起源，由来，派生', 1, '', 2);
INSERT INTO `word_list` VALUES (497, 'tension', '紧张局势(或关系、状况);矛盾;对立;(情绪上的)紧张，烦躁', 1, '', 3);
INSERT INTO `word_list` VALUES (498, 'soar', '急升; 猛增; 升空; 升腾; 高飞; 翱翔', 1, '', 3);
INSERT INTO `word_list` VALUES (499, 'spike', '尖状物;尖头;尖刺;(防滑)鞋钉;(赛跑用的)钉鞋', 1, '', 3);
INSERT INTO `word_list` VALUES (500, 'regions', '(通常界限不明的)地区，区域，地方;行政区;(一国除首都以外的)全部地区，所有区域', 1, '', 3);
INSERT INTO `word_list` VALUES (501, 'as well as', '既…又…;除…之外（也）;此外', 1, '', 3);
INSERT INTO `word_list` VALUES (502, 'trends', '趋势;趋向;倾向;动态;动向', 1, '', 3);
INSERT INTO `word_list` VALUES (503, 'impact', '巨大影响;强大作用;撞击;冲撞;冲击力', 1, '', 3);
INSERT INTO `word_list` VALUES (504, 'Breakout', '打砖块;突出重围;無所不能;突破者;突破自我', 1, '', 3);
INSERT INTO `word_list` VALUES (505, 'artificial', '人工的;人造的;假的;人为的;非自然的;虚假的;假装的', 1, '', 3);
INSERT INTO `word_list` VALUES (506, 'intelligence', '智力;才智;智慧;(尤指关于敌对国家的)情报;情报人员', 1, '', 3);
INSERT INTO `word_list` VALUES (507, 'manufacturing', '制造业', 1, '', 3);
INSERT INTO `word_list` VALUES (508, 'attracting', '吸引', 1, '', 3);
INSERT INTO `word_list` VALUES (509, 'investment', '投资', 1, '', 3);
INSERT INTO `word_list` VALUES (510, 'sector', '(尤指一国经济的)部门，领域，行业;(尤指军事管制的)区域，地带;扇形', 1, '', 3);
INSERT INTO `word_list` VALUES (511, 'advances', '(尤指武装部队的)前进，行进;进步;进展;预付款', 1, '', 3);
INSERT INTO `word_list` VALUES (512, 'broadband', '宽带', 1, '', 3);
INSERT INTO `word_list` VALUES (513, 'chapter', '(书的)章，篇，回;', 1, '', 4);
INSERT INTO `word_list` VALUES (514, 'explicit', '清楚明白的;易于理解的;', 1, '', 4);
INSERT INTO `word_list` VALUES (515, 'obvious', '明显的;显然的;易理解的;公认的;', 1, '', 4);
INSERT INTO `word_list` VALUES (516, 'related to', '与', 1, '', 4);
INSERT INTO `word_list` VALUES (517, 'character', '字符', 1, '', 4);
INSERT INTO `word_list` VALUES (518, 'explicitly', '明确的', 1, '', 4);
INSERT INTO `word_list` VALUES (519, 'speculating', '推测;猜测;推断;', 1, '', 4);
INSERT INTO `word_list` VALUES (520, 'legitimate', '正当合理的;合情合理的;合法的;', 1, '', 4);
INSERT INTO `word_list` VALUES (521, 'representing', '代表;作为…的代言人;', 1, '', 4);
INSERT INTO `word_list` VALUES (522, 'fire up', '点燃', 1, '', 4);
INSERT INTO `word_list` VALUES (523, 'construction', '建筑;建造;施工;建造', 1, '', 4);
INSERT INTO `word_list` VALUES (524, 'came across', '偶然发现', 1, '', 4);
INSERT INTO `word_list` VALUES (525, 'barked', '吠叫', 1, '', 4);
INSERT INTO `word_list` VALUES (526, 'bricks', '砌砖', 1, '', 4);
INSERT INTO `word_list` VALUES (527, 'laying', '铺设', 1, '', 4);
INSERT INTO `word_list` VALUES (528, 'satisfied', '满意的', 1, '', 4);
INSERT INTO `word_list` VALUES (529, 'cathedral', '大教堂', 1, '', 4);
INSERT INTO `word_list` VALUES (530, 'errant', '犯错误的;行为不当的;', 1, '', 4);
INSERT INTO `word_list` VALUES (531, 'plastered', '灰泥', 1, '', 4);
INSERT INTO `word_list` VALUES (532, 'layer', '层;表层;层次;阶层', 1, '', 4);
INSERT INTO `word_list` VALUES (533, 'moral', '道德的;道义上的;道德上的;品行端正的;有道德的', 1, '', 4);
INSERT INTO `word_list` VALUES (534, 'fit', '适合', 1, '', 4);
INSERT INTO `word_list` VALUES (535, 'compilers ', '编译器', 1, '', 4);
INSERT INTO `word_list` VALUES (536, 'interpreters', '解释程序', 1, '', 4);
INSERT INTO `word_list` VALUES (537, 'from scratch', '从零开始;从头做起;白手起家', 1, '', 4);
INSERT INTO `word_list` VALUES (538, 'Effective', '有效的', 1, '', 5);
INSERT INTO `word_list` VALUES (539, 'observed', '看到;注意到;观察到;', 1, '', 5);
INSERT INTO `word_list` VALUES (540, 'acclaimed', '给予高度评价', 1, '', 5);
INSERT INTO `word_list` VALUES (541, 'trumpet', '小号;喇叭;', 1, '', 5);
INSERT INTO `word_list` VALUES (542, 'virtuoso', '技艺超群的人;(尤指)演奏家', 1, '', 5);
INSERT INTO `word_list` VALUES (543, 'conduct', '组织;安排;实施;执行;', 1, '', 5);
INSERT INTO `word_list` VALUES (544, 'accomplished', '才华高的;完成', 1, '', 5);
INSERT INTO `word_list` VALUES (545, 'stunning', '惊人的', 1, '', 5);
INSERT INTO `word_list` VALUES (546, 'virtuosity', '高超技艺，精湛演技', 1, '', 5);
INSERT INTO `word_list` VALUES (547, 'proficient', '精通', 1, '', 5);
INSERT INTO `word_list` VALUES (548, 'extremely', '非常', 1, '', 5);
INSERT INTO `word_list` VALUES (549, 'principles', '原则；原理', 1, '', 5);
INSERT INTO `word_list` VALUES (550, 'devise', '发明; 设计; 想出; 遗赠;', 1, '', 5);
INSERT INTO `word_list` VALUES (551, 'dive into', '探察', 1, '', 5);
INSERT INTO `word_list` VALUES (552, 'Consume', '消耗', 1, '', 5);
INSERT INTO `word_list` VALUES (553, 'Subtract', '减去', 1, NULL, 5);
INSERT INTO `word_list` VALUES (554, 'centric', '中心的', 1, NULL, 6);
INSERT INTO `word_list` VALUES (555, 'approach', '方法', 1, NULL, 6);
INSERT INTO `word_list` VALUES (556, 'efficiencies', '效率', 1, NULL, 6);
INSERT INTO `word_list` VALUES (557, 'idle', '空闲', 1, NULL, 6);
INSERT INTO `word_list` VALUES (558, 'capability', '能力', 1, NULL, 6);
INSERT INTO `word_list` VALUES (559, 'relying', '依赖', 1, NULL, 6);
INSERT INTO `word_list` VALUES (560, 'sequel', '后续,继续', 1, NULL, 6);
INSERT INTO `word_list` VALUES (561, 'definitely', '肯定;没问题;', 1, NULL, 6);
INSERT INTO `word_list` VALUES (562, 'producing', '生产', 1, NULL, 6);
INSERT INTO `word_list` VALUES (563, 'abstraction', '抽象', 1, NULL, 6);
INSERT INTO `word_list` VALUES (564, 'presentation', '演示', 1, NULL, 6);
INSERT INTO `word_list` VALUES (565, 'quotable', '可引用的', 1, NULL, 6);
INSERT INTO `word_list` VALUES (566, 'valley', '山谷', 1, NULL, 6);
INSERT INTO `word_list` VALUES (567, 'undifferentiated', '无法区分', 1, NULL, 6);
INSERT INTO `word_list` VALUES (568, 'gluing', '胶合', 1, NULL, 6);
COMMIT;

-- ----------------------------
-- Table structure for word_score
-- ----------------------------
DROP TABLE IF EXISTS `word_score`;
CREATE TABLE `word_score` (
  `id` int(11) NOT NULL AUTO_INCREMENT,
  `user_id` int(11) DEFAULT '0',
  `word_id` int(11) DEFAULT '0',
  `score` int(11) DEFAULT '5',
  `view_count` int(11) DEFAULT '0',
  `status` int(2) DEFAULT '1',
  PRIMARY KEY (`id`)
) ENGINE=InnoDB AUTO_INCREMENT=644 DEFAULT CHARSET=utf8 COLLATE=utf8_bin;

-- ----------------------------
-- Records of word_score
-- ----------------------------
BEGIN;
INSERT INTO `word_score` VALUES (1, 1, 1, 2, 28, 1);
INSERT INTO `word_score` VALUES (2, 1, 2, 7, 28, 1);
INSERT INTO `word_score` VALUES (3, 1, 3, 0, 15, 1);
INSERT INTO `word_score` VALUES (4, 1, 4, 0, 21, 1);
INSERT INTO `word_score` VALUES (5, 1, 5, 1, 10, 1);
INSERT INTO `word_score` VALUES (6, 1, 6, 0, 10, 1);
INSERT INTO `word_score` VALUES (7, 1, 7, 0, 15, 1);
INSERT INTO `word_score` VALUES (8, 1, 8, 3, 7, 1);
INSERT INTO `word_score` VALUES (9, 1, 9, 2, 9, 1);
INSERT INTO `word_score` VALUES (10, 1, 10, 2, 8, 1);
INSERT INTO `word_score` VALUES (11, 1, 11, 5, 15, 1);
INSERT INTO `word_score` VALUES (12, 1, 12, 5, 2, 1);
INSERT INTO `word_score` VALUES (13, 1, 13, 0, 9, 1);
INSERT INTO `word_score` VALUES (14, 1, 14, 4, 6, 1);
INSERT INTO `word_score` VALUES (15, 1, 15, 3, 5, 1);
INSERT INTO `word_score` VALUES (16, 1, 16, 5, 10, 1);
INSERT INTO `word_score` VALUES (17, 1, 17, 5, 5, 1);
INSERT INTO `word_score` VALUES (18, 1, 18, 0, 5, 1);
INSERT INTO `word_score` VALUES (19, 1, 19, 6, 31, 1);
INSERT INTO `word_score` VALUES (20, 1, 20, 3, 9, 1);
INSERT INTO `word_score` VALUES (21, 1, 21, 0, 8, 1);
INSERT INTO `word_score` VALUES (22, 1, 22, 4, 5, 1);
INSERT INTO `word_score` VALUES (23, 1, 23, 5, 2, 1);
INSERT INTO `word_score` VALUES (24, 1, 24, 3, 8, 1);
INSERT INTO `word_score` VALUES (25, 1, 25, 3, 11, 1);
INSERT INTO `word_score` VALUES (26, 1, 26, 3, 6, 1);
INSERT INTO `word_score` VALUES (27, 1, 27, 0, 8, 1);
INSERT INTO `word_score` VALUES (28, 1, 28, 4, 5, 1);
INSERT INTO `word_score` VALUES (29, 1, 29, 2, 3, 1);
INSERT INTO `word_score` VALUES (30, 1, 30, 7, 21, 1);
INSERT INTO `word_score` VALUES (31, 1, 31, 3, 2, 1);
INSERT INTO `word_score` VALUES (32, 1, 32, 5, 11, 1);
INSERT INTO `word_score` VALUES (33, 1, 33, 5, 3, 1);
INSERT INTO `word_score` VALUES (34, 1, 34, 4, 3, 1);
INSERT INTO `word_score` VALUES (35, 1, 35, 1, 6, 1);
INSERT INTO `word_score` VALUES (36, 1, 36, 3, 4, 1);
INSERT INTO `word_score` VALUES (37, 1, 37, 2, 3, 1);
INSERT INTO `word_score` VALUES (38, 1, 38, 5, 2, 1);
INSERT INTO `word_score` VALUES (39, 1, 39, 7, 8, 1);
INSERT INTO `word_score` VALUES (40, 1, 40, 3, 4, 1);
INSERT INTO `word_score` VALUES (41, 1, 41, 1, 4, 1);
INSERT INTO `word_score` VALUES (42, 1, 42, 6, 5, 1);
INSERT INTO `word_score` VALUES (43, 1, 43, 3, 7, 1);
INSERT INTO `word_score` VALUES (44, 1, 44, 5, 9, 1);
INSERT INTO `word_score` VALUES (45, 1, 45, 3, 6, 1);
INSERT INTO `word_score` VALUES (46, 1, 46, 5, 9, 1);
INSERT INTO `word_score` VALUES (47, 1, 47, 1, 5, 1);
INSERT INTO `word_score` VALUES (48, 1, 48, 3, 7, 1);
INSERT INTO `word_score` VALUES (49, 1, 49, 1, 5, 1);
INSERT INTO `word_score` VALUES (50, 1, 50, 4, 9, 1);
INSERT INTO `word_score` VALUES (51, 1, 51, 4, 12, 1);
INSERT INTO `word_score` VALUES (52, 1, 52, 3, 5, 1);
INSERT INTO `word_score` VALUES (53, 1, 53, 4, 5, 1);
INSERT INTO `word_score` VALUES (54, 1, 54, 1, 7, 1);
INSERT INTO `word_score` VALUES (55, 1, 55, 3, 7, 1);
INSERT INTO `word_score` VALUES (56, 1, 56, 0, 7, 1);
INSERT INTO `word_score` VALUES (57, 1, 57, 5, 24, 1);
INSERT INTO `word_score` VALUES (58, 1, 58, 2, 5, 1);
INSERT INTO `word_score` VALUES (59, 1, 59, 0, 7, 1);
INSERT INTO `word_score` VALUES (60, 1, 60, 6, 13, 1);
INSERT INTO `word_score` VALUES (61, 1, 61, 3, 8, 1);
INSERT INTO `word_score` VALUES (62, 1, 62, 0, 8, 1);
INSERT INTO `word_score` VALUES (63, 1, 63, 4, 4, 1);
INSERT INTO `word_score` VALUES (64, 1, 64, 13, 27, 1);
INSERT INTO `word_score` VALUES (65, 1, 65, 0, 7, 1);
INSERT INTO `word_score` VALUES (66, 1, 66, 4, 0, 1);
INSERT INTO `word_score` VALUES (67, 1, 67, 1, 7, 1);
INSERT INTO `word_score` VALUES (68, 1, 68, 4, 3, 1);
INSERT INTO `word_score` VALUES (69, 1, 69, 9, 13, 0);
INSERT INTO `word_score` VALUES (70, 1, 70, 2, 9, 1);
INSERT INTO `word_score` VALUES (71, 1, 71, 4, 2, 1);
INSERT INTO `word_score` VALUES (72, 1, 72, 4, 1, 1);
INSERT INTO `word_score` VALUES (73, 1, 73, 5, 19, 1);
INSERT INTO `word_score` VALUES (74, 1, 74, 6, 10, 1);
INSERT INTO `word_score` VALUES (75, 1, 75, 1, 6, 1);
INSERT INTO `word_score` VALUES (76, 1, 76, 4, 2, 1);
INSERT INTO `word_score` VALUES (77, 1, 77, 4, 1, 1);
INSERT INTO `word_score` VALUES (78, 1, 78, 4, 2, 1);
INSERT INTO `word_score` VALUES (79, 1, 79, 2, 4, 1);
INSERT INTO `word_score` VALUES (80, 1, 80, 3, 4, 1);
INSERT INTO `word_score` VALUES (81, 1, 81, 4, 0, 1);
INSERT INTO `word_score` VALUES (82, 1, 82, 5, 0, 1);
INSERT INTO `word_score` VALUES (83, 1, 83, 4, 0, 1);
INSERT INTO `word_score` VALUES (84, 1, 84, 0, 6, 1);
INSERT INTO `word_score` VALUES (85, 1, 85, 0, 5, 1);
INSERT INTO `word_score` VALUES (86, 1, 86, 4, 2, 1);
INSERT INTO `word_score` VALUES (87, 1, 87, 4, 17, 1);
INSERT INTO `word_score` VALUES (88, 1, 88, 4, 0, 1);
INSERT INTO `word_score` VALUES (89, 1, 89, 5, 9, 1);
INSERT INTO `word_score` VALUES (90, 1, 90, 4, 1, 1);
INSERT INTO `word_score` VALUES (91, 1, 91, 6, 6, 1);
INSERT INTO `word_score` VALUES (92, 1, 92, 4, 1, 1);
INSERT INTO `word_score` VALUES (93, 1, 93, 5, 10, 1);
INSERT INTO `word_score` VALUES (94, 1, 94, 0, 7, 1);
INSERT INTO `word_score` VALUES (95, 1, 95, 5, 0, 1);
INSERT INTO `word_score` VALUES (96, 1, 96, 3, 5, 1);
INSERT INTO `word_score` VALUES (97, 1, 97, 5, 7, 1);
INSERT INTO `word_score` VALUES (98, 1, 98, 1, 5, 1);
INSERT INTO `word_score` VALUES (99, 1, 99, 4, 1, 1);
INSERT INTO `word_score` VALUES (100, 1, 100, 2, 3, 1);
INSERT INTO `word_score` VALUES (101, 1, 101, 1, 4, 1);
INSERT INTO `word_score` VALUES (102, 1, 102, 5, 6, 1);
INSERT INTO `word_score` VALUES (103, 1, 103, 8, 19, 1);
INSERT INTO `word_score` VALUES (104, 1, 104, 1, 4, 1);
INSERT INTO `word_score` VALUES (105, 1, 105, 4, 0, 1);
INSERT INTO `word_score` VALUES (106, 1, 106, 4, 3, 1);
INSERT INTO `word_score` VALUES (107, 1, 107, 1, 7, 1);
INSERT INTO `word_score` VALUES (108, 1, 108, 17, 34, 0);
INSERT INTO `word_score` VALUES (109, 1, 109, 4, 0, 1);
INSERT INTO `word_score` VALUES (110, 1, 110, 4, 1, 1);
INSERT INTO `word_score` VALUES (111, 1, 111, 4, 1, 1);
INSERT INTO `word_score` VALUES (112, 1, 112, 3, 2, 1);
INSERT INTO `word_score` VALUES (113, 1, 113, 4, 6, 1);
INSERT INTO `word_score` VALUES (114, 1, 114, 4, 0, 1);
INSERT INTO `word_score` VALUES (115, 1, 115, 4, 2, 1);
INSERT INTO `word_score` VALUES (116, 1, 116, 4, 17, 1);
INSERT INTO `word_score` VALUES (117, 1, 117, 4, 0, 1);
INSERT INTO `word_score` VALUES (118, 1, 118, 4, 0, 1);
INSERT INTO `word_score` VALUES (119, 1, 119, 7, 29, 1);
INSERT INTO `word_score` VALUES (120, 1, 120, 5, 10, 1);
INSERT INTO `word_score` VALUES (121, 1, 121, 4, 2, 1);
INSERT INTO `word_score` VALUES (122, 1, 122, 4, 0, 1);
INSERT INTO `word_score` VALUES (123, 1, 123, 4, 0, 1);
INSERT INTO `word_score` VALUES (124, 1, 124, 6, 26, 1);
INSERT INTO `word_score` VALUES (125, 1, 125, 4, 1, 1);
INSERT INTO `word_score` VALUES (126, 1, 126, 7, 11, 1);
INSERT INTO `word_score` VALUES (127, 1, 127, 5, 13, 1);
INSERT INTO `word_score` VALUES (128, 1, 128, 4, 0, 1);
INSERT INTO `word_score` VALUES (129, 1, 129, 4, 0, 1);
INSERT INTO `word_score` VALUES (130, 1, 130, 1, 6, 1);
INSERT INTO `word_score` VALUES (131, 1, 131, 4, 4, 1);
INSERT INTO `word_score` VALUES (132, 1, 132, 4, 12, 1);
INSERT INTO `word_score` VALUES (133, 1, 133, 5, 2, 1);
INSERT INTO `word_score` VALUES (134, 1, 134, 4, 4, 1);
INSERT INTO `word_score` VALUES (135, 1, 135, 1, 8, 1);
INSERT INTO `word_score` VALUES (136, 1, 136, 4, 3, 1);
INSERT INTO `word_score` VALUES (137, 1, 137, 4, 5, 1);
INSERT INTO `word_score` VALUES (138, 1, 138, 0, 9, 1);
INSERT INTO `word_score` VALUES (139, 1, 139, 4, 0, 1);
INSERT INTO `word_score` VALUES (140, 1, 140, 6, 27, 1);
INSERT INTO `word_score` VALUES (141, 1, 141, 4, 5, 1);
INSERT INTO `word_score` VALUES (142, 1, 142, 7, 12, 1);
INSERT INTO `word_score` VALUES (143, 1, 143, 7, 37, 1);
INSERT INTO `word_score` VALUES (144, 1, 144, 4, 0, 1);
INSERT INTO `word_score` VALUES (145, 1, 145, 4, 2, 1);
INSERT INTO `word_score` VALUES (146, 1, 146, 4, 2, 1);
INSERT INTO `word_score` VALUES (147, 1, 147, 4, 0, 1);
INSERT INTO `word_score` VALUES (148, 1, 148, 4, 0, 1);
INSERT INTO `word_score` VALUES (149, 1, 149, 3, 2, 1);
INSERT INTO `word_score` VALUES (150, 1, 150, 4, 3, 1);
INSERT INTO `word_score` VALUES (151, 1, 151, 1, 7, 1);
INSERT INTO `word_score` VALUES (152, 1, 152, 0, 5, 1);
INSERT INTO `word_score` VALUES (153, 1, 153, 4, 3, 1);
INSERT INTO `word_score` VALUES (154, 1, 154, 3, 7, 1);
INSERT INTO `word_score` VALUES (155, 1, 155, 0, 6, 1);
INSERT INTO `word_score` VALUES (156, 1, 156, 9, 13, 0);
INSERT INTO `word_score` VALUES (157, 1, 157, 4, 5, 1);
INSERT INTO `word_score` VALUES (158, 1, 158, 4, 10, 1);
INSERT INTO `word_score` VALUES (159, 1, 159, 1, 5, 1);
INSERT INTO `word_score` VALUES (160, 1, 160, 7, 44, 1);
INSERT INTO `word_score` VALUES (161, 1, 161, 5, 12, 1);
INSERT INTO `word_score` VALUES (162, 1, 162, 0, 10, 1);
INSERT INTO `word_score` VALUES (163, 1, 163, 4, 3, 1);
INSERT INTO `word_score` VALUES (164, 1, 164, 0, 8, 1);
INSERT INTO `word_score` VALUES (165, 1, 165, 6, 9, 1);
INSERT INTO `word_score` VALUES (166, 1, 166, 5, 14, 1);
INSERT INTO `word_score` VALUES (167, 1, 167, 4, 4, 1);
INSERT INTO `word_score` VALUES (168, 1, 168, 4, 1, 1);
INSERT INTO `word_score` VALUES (169, 1, 169, 4, 0, 1);
INSERT INTO `word_score` VALUES (170, 1, 170, 4, 1, 1);
INSERT INTO `word_score` VALUES (171, 1, 171, 5, 4, 1);
INSERT INTO `word_score` VALUES (172, 1, 172, 4, 2, 1);
INSERT INTO `word_score` VALUES (173, 1, 173, 7, 19, 1);
INSERT INTO `word_score` VALUES (174, 1, 174, 4, 1, 1);
INSERT INTO `word_score` VALUES (175, 1, 175, 5, 3, 1);
INSERT INTO `word_score` VALUES (176, 1, 176, 4, 0, 1);
INSERT INTO `word_score` VALUES (177, 1, 177, 1, 5, 1);
INSERT INTO `word_score` VALUES (178, 1, 178, 4, 6, 1);
INSERT INTO `word_score` VALUES (179, 1, 179, 4, 1, 1);
INSERT INTO `word_score` VALUES (180, 1, 180, 5, 1, 1);
INSERT INTO `word_score` VALUES (181, 1, 181, 2, 7, 1);
INSERT INTO `word_score` VALUES (182, 1, 182, 4, 5, 1);
INSERT INTO `word_score` VALUES (183, 1, 183, 4, 3, 1);
INSERT INTO `word_score` VALUES (184, 1, 184, 2, 5, 1);
INSERT INTO `word_score` VALUES (185, 1, 185, 1, 5, 1);
INSERT INTO `word_score` VALUES (186, 1, 186, 1, 5, 1);
INSERT INTO `word_score` VALUES (187, 1, 187, 5, 9, 1);
INSERT INTO `word_score` VALUES (188, 1, 188, 3, 5, 1);
INSERT INTO `word_score` VALUES (189, 1, 189, 4, 0, 1);
INSERT INTO `word_score` VALUES (190, 1, 190, 4, 0, 1);
INSERT INTO `word_score` VALUES (191, 1, 191, 7, 12, 1);
INSERT INTO `word_score` VALUES (192, 1, 192, 4, 0, 1);
INSERT INTO `word_score` VALUES (193, 1, 193, 1, 5, 1);
INSERT INTO `word_score` VALUES (194, 1, 194, 4, 0, 1);
INSERT INTO `word_score` VALUES (195, 1, 195, 5, 2, 1);
INSERT INTO `word_score` VALUES (196, 1, 196, 7, 8, 1);
INSERT INTO `word_score` VALUES (197, 1, 197, 4, 2, 1);
INSERT INTO `word_score` VALUES (198, 1, 198, 0, 6, 0);
INSERT INTO `word_score` VALUES (199, 1, 199, 4, 2, 1);
INSERT INTO `word_score` VALUES (200, 1, 200, 4, 1, 1);
INSERT INTO `word_score` VALUES (201, 1, 201, 0, 6, 1);
INSERT INTO `word_score` VALUES (202, 1, 202, 5, 13, 1);
INSERT INTO `word_score` VALUES (203, 1, 203, 4, 5, 1);
INSERT INTO `word_score` VALUES (204, 1, 204, 4, 0, 1);
INSERT INTO `word_score` VALUES (205, 1, 205, 1, 4, 1);
INSERT INTO `word_score` VALUES (206, 1, 206, 3, 6, 1);
INSERT INTO `word_score` VALUES (207, 1, 207, 4, 0, 1);
INSERT INTO `word_score` VALUES (208, 1, 208, 4, 2, 1);
INSERT INTO `word_score` VALUES (209, 1, 209, 6, 8, 1);
INSERT INTO `word_score` VALUES (210, 1, 210, 7, 7, 1);
INSERT INTO `word_score` VALUES (211, 1, 211, 1, 4, 1);
INSERT INTO `word_score` VALUES (212, 1, 212, 4, 3, 1);
INSERT INTO `word_score` VALUES (213, 1, 213, 5, 4, 1);
INSERT INTO `word_score` VALUES (214, 1, 214, 3, 10, 1);
INSERT INTO `word_score` VALUES (215, 1, 215, 4, 2, 1);
INSERT INTO `word_score` VALUES (216, 1, 216, 4, 4, 1);
INSERT INTO `word_score` VALUES (217, 1, 217, 4, 5, 1);
INSERT INTO `word_score` VALUES (218, 1, 218, 0, 6, 1);
INSERT INTO `word_score` VALUES (219, 1, 219, 4, 4, 1);
INSERT INTO `word_score` VALUES (220, 1, 220, 1, 11, 1);
INSERT INTO `word_score` VALUES (221, 1, 221, 3, 5, 1);
INSERT INTO `word_score` VALUES (222, 1, 222, 3, 2, 1);
INSERT INTO `word_score` VALUES (223, 1, 223, 7, 7, 1);
INSERT INTO `word_score` VALUES (224, 1, 224, 5, 7, 1);
INSERT INTO `word_score` VALUES (225, 1, 225, 5, 0, 1);
INSERT INTO `word_score` VALUES (226, 1, 226, 0, 6, 1);
INSERT INTO `word_score` VALUES (227, 1, 227, 5, 4, 1);
INSERT INTO `word_score` VALUES (228, 1, 228, 4, 1, 1);
INSERT INTO `word_score` VALUES (229, 1, 229, 7, 27, 1);
INSERT INTO `word_score` VALUES (230, 1, 230, 5, 27, 1);
INSERT INTO `word_score` VALUES (231, 1, 231, 4, 6, 1);
INSERT INTO `word_score` VALUES (232, 1, 232, 1, 8, 1);
INSERT INTO `word_score` VALUES (233, 1, 233, 4, 1, 1);
INSERT INTO `word_score` VALUES (234, 1, 234, 4, 1, 1);
INSERT INTO `word_score` VALUES (235, 1, 235, 6, 27, 1);
INSERT INTO `word_score` VALUES (236, 1, 236, 1, 5, 1);
INSERT INTO `word_score` VALUES (237, 1, 237, 4, 1, 1);
INSERT INTO `word_score` VALUES (238, 1, 238, 4, 2, 1);
INSERT INTO `word_score` VALUES (239, 1, 239, 5, 27, 1);
INSERT INTO `word_score` VALUES (240, 1, 240, 4, 1, 1);
INSERT INTO `word_score` VALUES (241, 1, 241, 4, 2, 1);
INSERT INTO `word_score` VALUES (242, 1, 242, 6, 6, 1);
INSERT INTO `word_score` VALUES (243, 1, 243, 1, 5, 1);
INSERT INTO `word_score` VALUES (244, 1, 244, 4, 1, 1);
INSERT INTO `word_score` VALUES (245, 1, 245, 1, 5, 1);
INSERT INTO `word_score` VALUES (246, 1, 246, 4, 4, 1);
INSERT INTO `word_score` VALUES (247, 1, 247, 0, 8, 1);
INSERT INTO `word_score` VALUES (248, 1, 248, 4, 1, 1);
INSERT INTO `word_score` VALUES (249, 1, 249, 4, 1, 1);
INSERT INTO `word_score` VALUES (250, 1, 250, 4, 3, 1);
INSERT INTO `word_score` VALUES (251, 1, 251, 5, 3, 1);
INSERT INTO `word_score` VALUES (252, 1, 252, 1, 4, 1);
INSERT INTO `word_score` VALUES (253, 1, 253, 7, 12, 1);
INSERT INTO `word_score` VALUES (254, 1, 254, 7, 6, 1);
INSERT INTO `word_score` VALUES (255, 1, 255, 1, 5, 1);
INSERT INTO `word_score` VALUES (256, 1, 256, 7, 5, 1);
INSERT INTO `word_score` VALUES (257, 1, 257, 7, 10, 1);
INSERT INTO `word_score` VALUES (258, 1, 258, 0, 9, 1);
INSERT INTO `word_score` VALUES (259, 1, 259, 3, 6, 1);
INSERT INTO `word_score` VALUES (260, 1, 260, 4, 0, 1);
INSERT INTO `word_score` VALUES (261, 1, 261, 1, 20, 1);
INSERT INTO `word_score` VALUES (262, 1, 262, 4, 0, 1);
INSERT INTO `word_score` VALUES (263, 1, 263, 4, 10, 1);
INSERT INTO `word_score` VALUES (264, 1, 264, 4, 1, 1);
INSERT INTO `word_score` VALUES (265, 1, 265, 7, 5, 1);
INSERT INTO `word_score` VALUES (266, 1, 266, 4, 7, 1);
INSERT INTO `word_score` VALUES (267, 1, 267, 5, 9, 1);
INSERT INTO `word_score` VALUES (268, 1, 268, 1, 9, 1);
INSERT INTO `word_score` VALUES (269, 1, 269, 4, 4, 1);
INSERT INTO `word_score` VALUES (270, 1, 270, 2, 6, 1);
INSERT INTO `word_score` VALUES (271, 1, 271, 6, 10, 1);
INSERT INTO `word_score` VALUES (272, 1, 272, 1, 5, 1);
INSERT INTO `word_score` VALUES (273, 1, 273, 4, 5, 1);
INSERT INTO `word_score` VALUES (274, 1, 274, 4, 5, 1);
INSERT INTO `word_score` VALUES (275, 1, 275, 3, 4, 1);
INSERT INTO `word_score` VALUES (276, 1, 276, 4, 8, 1);
INSERT INTO `word_score` VALUES (277, 1, 277, 4, 13, 1);
INSERT INTO `word_score` VALUES (278, 1, 278, 6, 2, 1);
INSERT INTO `word_score` VALUES (279, 1, 279, 4, 0, 1);
INSERT INTO `word_score` VALUES (280, 1, 280, 4, 0, 1);
INSERT INTO `word_score` VALUES (281, 1, 281, 7, 5, 1);
INSERT INTO `word_score` VALUES (282, 1, 282, 4, 1, 1);
INSERT INTO `word_score` VALUES (283, 1, 283, 5, 0, 1);
INSERT INTO `word_score` VALUES (284, 1, 284, 4, 0, 1);
INSERT INTO `word_score` VALUES (285, 1, 285, 4, 0, 1);
INSERT INTO `word_score` VALUES (286, 1, 286, 4, 2, 1);
INSERT INTO `word_score` VALUES (287, 1, 287, 2, 4, 1);
INSERT INTO `word_score` VALUES (288, 1, 288, 4, 6, 1);
INSERT INTO `word_score` VALUES (289, 1, 289, 6, 24, 1);
INSERT INTO `word_score` VALUES (290, 1, 290, 6, 11, 1);
INSERT INTO `word_score` VALUES (291, 1, 291, 4, 1, 1);
INSERT INTO `word_score` VALUES (292, 1, 292, 4, 5, 1);
INSERT INTO `word_score` VALUES (293, 1, 293, 3, 5, 1);
INSERT INTO `word_score` VALUES (294, 1, 294, 4, 0, 1);
INSERT INTO `word_score` VALUES (295, 1, 295, 4, 0, 1);
INSERT INTO `word_score` VALUES (296, 1, 296, 3, 4, 1);
INSERT INTO `word_score` VALUES (297, 1, 297, 4, 1, 1);
INSERT INTO `word_score` VALUES (298, 1, 298, 5, 15, 1);
INSERT INTO `word_score` VALUES (299, 1, 299, 12, 15, 1);
INSERT INTO `word_score` VALUES (300, 1, 300, 3, 3, 1);
INSERT INTO `word_score` VALUES (301, 1, 301, 8, 35, 1);
INSERT INTO `word_score` VALUES (302, 1, 302, 6, 11, 1);
INSERT INTO `word_score` VALUES (303, 1, 303, 7, 3, 1);
INSERT INTO `word_score` VALUES (304, 1, 304, 4, 5, 1);
INSERT INTO `word_score` VALUES (305, 1, 305, 6, 10, 1);
INSERT INTO `word_score` VALUES (306, 1, 306, 1, 4, 1);
INSERT INTO `word_score` VALUES (307, 1, 307, 4, 9, 1);
INSERT INTO `word_score` VALUES (308, 1, 308, 7, 4, 1);
INSERT INTO `word_score` VALUES (309, 1, 309, 7, 6, 1);
INSERT INTO `word_score` VALUES (310, 1, 310, 4, 0, 1);
INSERT INTO `word_score` VALUES (311, 1, 311, 6, 17, 1);
INSERT INTO `word_score` VALUES (312, 1, 312, 7, 17, 1);
INSERT INTO `word_score` VALUES (313, 1, 313, 4, 0, 1);
INSERT INTO `word_score` VALUES (314, 1, 314, 7, 42, 1);
INSERT INTO `word_score` VALUES (315, 1, 315, 5, 1, 1);
INSERT INTO `word_score` VALUES (316, 1, 316, 5, 2, 1);
INSERT INTO `word_score` VALUES (317, 1, 317, 4, 5, 1);
INSERT INTO `word_score` VALUES (318, 1, 318, 4, 0, 1);
INSERT INTO `word_score` VALUES (319, 1, 319, 4, 0, 1);
INSERT INTO `word_score` VALUES (320, 1, 320, 4, 3, 1);
INSERT INTO `word_score` VALUES (321, 1, 321, 5, 9, 1);
INSERT INTO `word_score` VALUES (322, 1, 322, 1, 14, 1);
INSERT INTO `word_score` VALUES (323, 1, 323, 3, 5, 1);
INSERT INTO `word_score` VALUES (324, 1, 324, 0, 8, 1);
INSERT INTO `word_score` VALUES (325, 1, 325, 9, 28, 1);
INSERT INTO `word_score` VALUES (326, 1, 326, 6, 23, 1);
INSERT INTO `word_score` VALUES (327, 1, 327, 6, 13, 1);
INSERT INTO `word_score` VALUES (328, 1, 328, 1, 5, 1);
INSERT INTO `word_score` VALUES (329, 1, 329, 7, 37, 1);
INSERT INTO `word_score` VALUES (330, 1, 330, 4, 0, 1);
INSERT INTO `word_score` VALUES (331, 1, 331, 4, 4, 1);
INSERT INTO `word_score` VALUES (332, 1, 332, 4, 5, 1);
INSERT INTO `word_score` VALUES (333, 1, 333, 1, 13, 1);
INSERT INTO `word_score` VALUES (334, 1, 334, 4, 2, 1);
INSERT INTO `word_score` VALUES (335, 1, 335, 2, 2, 1);
INSERT INTO `word_score` VALUES (336, 1, 336, 4, 2, 1);
INSERT INTO `word_score` VALUES (337, 1, 337, 4, 1, 1);
INSERT INTO `word_score` VALUES (338, 1, 338, 7, 8, 1);
INSERT INTO `word_score` VALUES (339, 1, 339, 5, 10, 1);
INSERT INTO `word_score` VALUES (340, 1, 340, 5, 2, 1);
INSERT INTO `word_score` VALUES (341, 1, 341, 4, 3, 1);
INSERT INTO `word_score` VALUES (342, 1, 342, 4, 1, 1);
INSERT INTO `word_score` VALUES (343, 1, 343, 4, 1, 1);
INSERT INTO `word_score` VALUES (344, 1, 344, 4, 3, 1);
INSERT INTO `word_score` VALUES (345, 1, 345, 3, 8, 1);
INSERT INTO `word_score` VALUES (346, 1, 346, 5, 1, 1);
INSERT INTO `word_score` VALUES (347, 1, 347, 6, 5, 1);
INSERT INTO `word_score` VALUES (348, 1, 348, 4, 1, 1);
INSERT INTO `word_score` VALUES (349, 1, 349, 4, 0, 1);
INSERT INTO `word_score` VALUES (350, 1, 350, 4, 0, 1);
INSERT INTO `word_score` VALUES (351, 1, 351, 4, 1, 1);
INSERT INTO `word_score` VALUES (352, 1, 352, 4, 3, 1);
INSERT INTO `word_score` VALUES (353, 1, 353, 4, 8, 1);
INSERT INTO `word_score` VALUES (354, 1, 354, 8, 36, 1);
INSERT INTO `word_score` VALUES (355, 1, 355, 4, 2, 1);
INSERT INTO `word_score` VALUES (356, 1, 356, 1, 5, 1);
INSERT INTO `word_score` VALUES (357, 1, 357, 4, 0, 1);
INSERT INTO `word_score` VALUES (358, 1, 358, 4, 1, 1);
INSERT INTO `word_score` VALUES (359, 1, 359, 8, 14, 1);
INSERT INTO `word_score` VALUES (360, 1, 360, 5, 0, 1);
INSERT INTO `word_score` VALUES (361, 1, 361, 7, 11, 1);
INSERT INTO `word_score` VALUES (362, 1, 362, 4, 2, 1);
INSERT INTO `word_score` VALUES (363, 1, 363, 4, 10, 1);
INSERT INTO `word_score` VALUES (364, 1, 364, 7, 4, 1);
INSERT INTO `word_score` VALUES (365, 1, 365, 1, 6, 1);
INSERT INTO `word_score` VALUES (366, 1, 366, 4, 0, 1);
INSERT INTO `word_score` VALUES (367, 1, 367, 5, 10, 1);
INSERT INTO `word_score` VALUES (368, 1, 368, 5, 10, 1);
INSERT INTO `word_score` VALUES (369, 1, 369, 5, 12, 1);
INSERT INTO `word_score` VALUES (370, 1, 370, 4, 0, 1);
INSERT INTO `word_score` VALUES (371, 1, 371, 4, 2, 1);
INSERT INTO `word_score` VALUES (372, 1, 372, 1, 6, 1);
INSERT INTO `word_score` VALUES (373, 1, 373, 9, 15, 1);
INSERT INTO `word_score` VALUES (374, 1, 374, 5, 13, 1);
INSERT INTO `word_score` VALUES (375, 1, 375, 7, 21, 1);
INSERT INTO `word_score` VALUES (376, 1, 376, 4, 2, 1);
INSERT INTO `word_score` VALUES (377, 1, 377, 3, 4, 1);
INSERT INTO `word_score` VALUES (378, 1, 378, 5, 20, 1);
INSERT INTO `word_score` VALUES (379, 1, 379, 10, 25, 1);
INSERT INTO `word_score` VALUES (380, 1, 380, 6, 6, 1);
INSERT INTO `word_score` VALUES (381, 1, 381, 5, 8, 1);
INSERT INTO `word_score` VALUES (382, 1, 382, 4, 9, 1);
INSERT INTO `word_score` VALUES (383, 1, 383, 7, 20, 1);
INSERT INTO `word_score` VALUES (384, 1, 384, 5, 17, 1);
INSERT INTO `word_score` VALUES (385, 1, 385, 4, 16, 1);
INSERT INTO `word_score` VALUES (386, 1, 386, 4, 1, 1);
INSERT INTO `word_score` VALUES (387, 1, 387, 4, 0, 1);
INSERT INTO `word_score` VALUES (388, 1, 388, 6, 21, 1);
INSERT INTO `word_score` VALUES (389, 1, 389, 7, 5, 1);
INSERT INTO `word_score` VALUES (390, 1, 390, 4, 1, 1);
INSERT INTO `word_score` VALUES (391, 1, 391, 4, 2, 1);
INSERT INTO `word_score` VALUES (392, 1, 392, 4, 2, 1);
INSERT INTO `word_score` VALUES (393, 1, 393, 4, 2, 1);
INSERT INTO `word_score` VALUES (394, 1, 394, 8, 43, 1);
INSERT INTO `word_score` VALUES (395, 1, 395, 2, 9, 1);
INSERT INTO `word_score` VALUES (396, 1, 396, 6, 15, 1);
INSERT INTO `word_score` VALUES (397, 1, 397, 4, 1, 1);
INSERT INTO `word_score` VALUES (398, 1, 398, 5, 14, 1);
INSERT INTO `word_score` VALUES (399, 1, 399, 4, 0, 1);
INSERT INTO `word_score` VALUES (400, 1, 400, 7, 20, 1);
INSERT INTO `word_score` VALUES (401, 1, 401, 4, 10, 1);
INSERT INTO `word_score` VALUES (402, 1, 403, 5, 18, 1);
INSERT INTO `word_score` VALUES (403, 1, 404, 4, 0, 1);
INSERT INTO `word_score` VALUES (404, 1, 405, 5, 0, 1);
INSERT INTO `word_score` VALUES (405, 1, 406, 4, 6, 1);
INSERT INTO `word_score` VALUES (406, 1, 407, 4, 1, 1);
INSERT INTO `word_score` VALUES (407, 1, 408, 1, 5, 1);
INSERT INTO `word_score` VALUES (408, 1, 409, 4, 8, 1);
INSERT INTO `word_score` VALUES (409, 1, 410, 5, 5, 1);
INSERT INTO `word_score` VALUES (410, 1, 411, 4, 9, 1);
INSERT INTO `word_score` VALUES (411, 1, 412, 4, 5, 1);
INSERT INTO `word_score` VALUES (412, 1, 413, 0, 7, 1);
INSERT INTO `word_score` VALUES (413, 1, 414, 4, 1, 1);
INSERT INTO `word_score` VALUES (414, 1, 415, 4, 2, 1);
INSERT INTO `word_score` VALUES (415, 1, 416, 4, 3, 1);
INSERT INTO `word_score` VALUES (416, 1, 417, 4, 6, 1);
INSERT INTO `word_score` VALUES (417, 1, 418, 3, 2, 1);
INSERT INTO `word_score` VALUES (418, 1, 419, 4, 4, 1);
INSERT INTO `word_score` VALUES (419, 1, 420, 4, 2, 1);
INSERT INTO `word_score` VALUES (420, 1, 421, 2, 3, 1);
INSERT INTO `word_score` VALUES (421, 1, 422, 4, 0, 1);
INSERT INTO `word_score` VALUES (422, 1, 423, 4, 1, 1);
INSERT INTO `word_score` VALUES (423, 1, 424, 4, 2, 1);
INSERT INTO `word_score` VALUES (424, 1, 425, 5, 2, 1);
INSERT INTO `word_score` VALUES (425, 1, 426, 1, 4, 1);
INSERT INTO `word_score` VALUES (426, 1, 427, 5, 20, 1);
INSERT INTO `word_score` VALUES (427, 1, 428, 3, 1, 1);
INSERT INTO `word_score` VALUES (428, 1, 429, 4, 3, 1);
INSERT INTO `word_score` VALUES (429, 1, 430, 4, 18, 1);
INSERT INTO `word_score` VALUES (430, 1, 431, 4, 4, 1);
INSERT INTO `word_score` VALUES (431, 1, 432, 7, 38, 1);
INSERT INTO `word_score` VALUES (432, 1, 433, 6, 14, 1);
INSERT INTO `word_score` VALUES (433, 1, 434, 4, 6, 1);
INSERT INTO `word_score` VALUES (434, 1, 435, 9, 50, 1);
INSERT INTO `word_score` VALUES (435, 1, 436, 4, 1, 1);
INSERT INTO `word_score` VALUES (436, 1, 437, 2, 4, 1);
INSERT INTO `word_score` VALUES (437, 1, 438, 7, 11, 1);
INSERT INTO `word_score` VALUES (438, 1, 439, 5, 4, 1);
INSERT INTO `word_score` VALUES (439, 1, 440, 5, 4, 1);
INSERT INTO `word_score` VALUES (440, 1, 441, 6, 10, 1);
INSERT INTO `word_score` VALUES (441, 1, 442, 1, 5, 1);
INSERT INTO `word_score` VALUES (442, 1, 443, 4, 9, 1);
INSERT INTO `word_score` VALUES (443, 1, 444, 5, 4, 1);
INSERT INTO `word_score` VALUES (444, 1, 445, 1, 7, 1);
INSERT INTO `word_score` VALUES (445, 1, 446, 3, 3, 1);
INSERT INTO `word_score` VALUES (446, 1, 447, 4, 5, 1);
INSERT INTO `word_score` VALUES (447, 1, 448, 3, 2, 1);
INSERT INTO `word_score` VALUES (448, 1, 449, 7, 22, 1);
INSERT INTO `word_score` VALUES (449, 1, 450, 7, 7, 1);
INSERT INTO `word_score` VALUES (450, 1, 451, 4, 7, 1);
INSERT INTO `word_score` VALUES (451, 1, 452, 4, 8, 1);
INSERT INTO `word_score` VALUES (452, 1, 453, 5, 15, 1);
INSERT INTO `word_score` VALUES (453, 1, 454, 5, 3, 1);
INSERT INTO `word_score` VALUES (454, 1, 455, 1, 7, 1);
INSERT INTO `word_score` VALUES (455, 1, 456, 5, 9, 1);
INSERT INTO `word_score` VALUES (456, 1, 457, 0, 8, 1);
INSERT INTO `word_score` VALUES (457, 1, 458, 2, 6, 1);
INSERT INTO `word_score` VALUES (458, 1, 459, 6, 11, 1);
INSERT INTO `word_score` VALUES (459, 1, 460, 2, 9, 1);
INSERT INTO `word_score` VALUES (460, 1, 461, 4, 1, 1);
INSERT INTO `word_score` VALUES (461, 1, 462, 5, 10, 1);
INSERT INTO `word_score` VALUES (462, 1, 463, 5, 5, 1);
INSERT INTO `word_score` VALUES (463, 1, 464, 4, 3, 1);
INSERT INTO `word_score` VALUES (464, 1, 465, 4, 2, 1);
INSERT INTO `word_score` VALUES (465, 1, 466, 4, 1, 1);
INSERT INTO `word_score` VALUES (466, 1, 467, 5, 2, 1);
INSERT INTO `word_score` VALUES (467, 1, 468, 3, 13, 1);
INSERT INTO `word_score` VALUES (468, 1, 469, 14, 66, 1);
INSERT INTO `word_score` VALUES (469, 1, 470, 4, 0, 1);
INSERT INTO `word_score` VALUES (470, 1, 471, 5, 29, 1);
INSERT INTO `word_score` VALUES (471, 1, 472, 4, 0, 1);
INSERT INTO `word_score` VALUES (472, 1, 473, 4, 1, 1);
INSERT INTO `word_score` VALUES (473, 1, 474, 4, 0, 1);
INSERT INTO `word_score` VALUES (475, 1, 476, 4, 3, 0);
INSERT INTO `word_score` VALUES (512, 1, 477, 6, 2, 1);
INSERT INTO `word_score` VALUES (514, 1, 475, 4, 3, 1);
INSERT INTO `word_score` VALUES (515, 3, 431, 4, 4, 1);
INSERT INTO `word_score` VALUES (516, 3, 17, 5, 1, 1);
INSERT INTO `word_score` VALUES (517, 3, 430, 4, 2, 1);
INSERT INTO `word_score` VALUES (518, 3, 181, 4, 2, 1);
INSERT INTO `word_score` VALUES (519, 3, 350, 7, 4, 1);
INSERT INTO `word_score` VALUES (520, 3, 265, 7, 5, 1);
INSERT INTO `word_score` VALUES (521, 3, 179, 4, 1, 1);
INSERT INTO `word_score` VALUES (522, 3, 5, 4, 2, 1);
INSERT INTO `word_score` VALUES (523, 3, 447, 3, 3, 1);
INSERT INTO `word_score` VALUES (524, 3, 290, 5, 1, 1);
INSERT INTO `word_score` VALUES (525, 3, 375, 5, 1, 1);
INSERT INTO `word_score` VALUES (526, 3, 245, 5, 1, 1);
INSERT INTO `word_score` VALUES (527, 3, 314, 5, 1, 1);
INSERT INTO `word_score` VALUES (528, 3, 326, 5, 1, 1);
INSERT INTO `word_score` VALUES (529, 3, 34, 5, 1, 1);
INSERT INTO `word_score` VALUES (530, 3, 246, 5, 1, 1);
INSERT INTO `word_score` VALUES (531, 3, 6, 5, 1, 1);
INSERT INTO `word_score` VALUES (532, 3, 113, 5, 1, 1);
INSERT INTO `word_score` VALUES (533, 3, 347, 4, 1, 1);
INSERT INTO `word_score` VALUES (534, 3, 258, 4, 1, 1);
INSERT INTO `word_score` VALUES (535, 3, 169, 4, 1, 1);
INSERT INTO `word_score` VALUES (536, 3, 446, 4, 2, 1);
INSERT INTO `word_score` VALUES (537, 3, 72, 4, 2, 1);
INSERT INTO `word_score` VALUES (538, 3, 416, 4, 2, 1);
INSERT INTO `word_score` VALUES (539, 3, 327, 5, 3, 1);
INSERT INTO `word_score` VALUES (540, 3, 163, 4, 1, 1);
INSERT INTO `word_score` VALUES (541, 3, 253, 4, 2, 1);
INSERT INTO `word_score` VALUES (542, 3, 279, 4, 2, 1);
INSERT INTO `word_score` VALUES (543, 3, 371, 4, 2, 1);
INSERT INTO `word_score` VALUES (544, 3, 463, 4, 2, 1);
INSERT INTO `word_score` VALUES (545, 3, 190, 4, 2, 1);
INSERT INTO `word_score` VALUES (546, 3, 344, 4, 2, 1);
INSERT INTO `word_score` VALUES (547, 3, 437, 4, 1, 1);
INSERT INTO `word_score` VALUES (548, 3, 84, 4, 1, 1);
INSERT INTO `word_score` VALUES (549, 3, 45, 4, 2, 1);
INSERT INTO `word_score` VALUES (550, 3, 322, 4, 2, 1);
INSERT INTO `word_score` VALUES (551, 3, 231, 4, 2, 1);
INSERT INTO `word_score` VALUES (552, 3, 414, 6, 2, 1);
INSERT INTO `word_score` VALUES (553, 1, 478, 0, 24, 1);
INSERT INTO `word_score` VALUES (554, 1, 483, 4, 30, 1);
INSERT INTO `word_score` VALUES (555, 1, 482, 2, 32, 1);
INSERT INTO `word_score` VALUES (556, 1, 481, 0, 19, 1);
INSERT INTO `word_score` VALUES (557, 1, 480, 7, 39, 1);
INSERT INTO `word_score` VALUES (558, 1, 479, 0, 18, 1);
INSERT INTO `word_score` VALUES (559, 1, 486, 0, 14, 1);
INSERT INTO `word_score` VALUES (560, 1, 494, 11, 35, 1);
INSERT INTO `word_score` VALUES (561, 1, 487, 0, 17, 1);
INSERT INTO `word_score` VALUES (562, 1, 495, 0, 12, 1);
INSERT INTO `word_score` VALUES (563, 1, 488, 8, 23, 1);
INSERT INTO `word_score` VALUES (564, 1, 496, 9, 28, 1);
INSERT INTO `word_score` VALUES (565, 1, 489, 0, 17, 1);
INSERT INTO `word_score` VALUES (566, 1, 490, 0, 12, 1);
INSERT INTO `word_score` VALUES (567, 1, 491, 1, 18, 1);
INSERT INTO `word_score` VALUES (568, 1, 484, 0, 16, 1);
INSERT INTO `word_score` VALUES (569, 1, 492, 10, 30, 1);
INSERT INTO `word_score` VALUES (570, 1, 485, 0, 13, 1);
INSERT INTO `word_score` VALUES (571, 1, 493, 9, 25, 1);
INSERT INTO `word_score` VALUES (572, 1, 497, 4, 10, 1);
INSERT INTO `word_score` VALUES (573, 1, 499, 4, 10, 1);
INSERT INTO `word_score` VALUES (574, 1, 500, 1, 8, 1);
INSERT INTO `word_score` VALUES (575, 1, 501, 3, 14, 1);
INSERT INTO `word_score` VALUES (576, 1, 498, 5, 16, 1);
INSERT INTO `word_score` VALUES (577, 1, 504, 2, 11, 1);
INSERT INTO `word_score` VALUES (578, 1, 505, 2, 7, 1);
INSERT INTO `word_score` VALUES (579, 1, 506, 2, 7, 1);
INSERT INTO `word_score` VALUES (580, 1, 507, 3, 11, 1);
INSERT INTO `word_score` VALUES (581, 1, 512, 3, 7, 1);
INSERT INTO `word_score` VALUES (582, 1, 510, 8, 14, 1);
INSERT INTO `word_score` VALUES (583, 1, 502, 12, 22, 1);
INSERT INTO `word_score` VALUES (584, 1, 508, 8, 15, 1);
INSERT INTO `word_score` VALUES (585, 1, 509, 9, 18, 1);
INSERT INTO `word_score` VALUES (586, 1, 503, 5, 12, 1);
INSERT INTO `word_score` VALUES (587, 1, 511, 2, 8, 1);
INSERT INTO `word_score` VALUES (588, 1, 527, 4, 10, 1);
INSERT INTO `word_score` VALUES (589, 1, 537, 4, 8, 1);
INSERT INTO `word_score` VALUES (590, 1, 520, 9, 15, 1);
INSERT INTO `word_score` VALUES (591, 1, 513, 4, 9, 1);
INSERT INTO `word_score` VALUES (592, 1, 529, 7, 15, 1);
INSERT INTO `word_score` VALUES (593, 1, 521, 4, 8, 1);
INSERT INTO `word_score` VALUES (594, 1, 530, 4, 9, 1);
INSERT INTO `word_score` VALUES (595, 1, 514, 14, 41, 1);
INSERT INTO `word_score` VALUES (596, 1, 522, 3, 8, 1);
INSERT INTO `word_score` VALUES (597, 1, 531, 10, 17, 1);
INSERT INTO `word_score` VALUES (598, 1, 523, 3, 10, 1);
INSERT INTO `word_score` VALUES (599, 1, 515, 13, 31, 1);
INSERT INTO `word_score` VALUES (600, 1, 532, 4, 10, 1);
INSERT INTO `word_score` VALUES (601, 1, 516, 4, 8, 1);
INSERT INTO `word_score` VALUES (602, 1, 524, 4, 9, 1);
INSERT INTO `word_score` VALUES (603, 1, 533, 4, 15, 1);
INSERT INTO `word_score` VALUES (604, 1, 517, 3, 7, 1);
INSERT INTO `word_score` VALUES (605, 1, 525, 4, 7, 1);
INSERT INTO `word_score` VALUES (606, 1, 534, 4, 8, 1);
INSERT INTO `word_score` VALUES (607, 1, 535, 5, 16, 1);
INSERT INTO `word_score` VALUES (608, 1, 536, 4, 6, 1);
INSERT INTO `word_score` VALUES (609, 1, 526, 4, 5, 1);
INSERT INTO `word_score` VALUES (610, 1, 528, 4, 5, 1);
INSERT INTO `word_score` VALUES (611, 1, 518, 8, 16, 1);
INSERT INTO `word_score` VALUES (612, 1, 519, 9, 20, 1);
INSERT INTO `word_score` VALUES (613, 1, 538, 2, 10, 1);
INSERT INTO `word_score` VALUES (614, 1, 546, 6, 16, 1);
INSERT INTO `word_score` VALUES (615, 1, 539, 4, 11, 1);
INSERT INTO `word_score` VALUES (616, 1, 547, 9, 17, 1);
INSERT INTO `word_score` VALUES (617, 1, 548, 4, 11, 1);
INSERT INTO `word_score` VALUES (618, 1, 540, 12, 15, 1);
INSERT INTO `word_score` VALUES (619, 1, 541, 4, 10, 1);
INSERT INTO `word_score` VALUES (620, 1, 542, 4, 13, 1);
INSERT INTO `word_score` VALUES (621, 1, 549, 7, 12, 1);
INSERT INTO `word_score` VALUES (622, 1, 544, 4, 12, 1);
INSERT INTO `word_score` VALUES (623, 1, 553, 4, 10, 1);
INSERT INTO `word_score` VALUES (624, 1, 551, 3, 9, 1);
INSERT INTO `word_score` VALUES (625, 1, 543, 4, 12, 1);
INSERT INTO `word_score` VALUES (626, 1, 550, 5, 10, 1);
INSERT INTO `word_score` VALUES (627, 1, 545, 3, 11, 1);
INSERT INTO `word_score` VALUES (628, 1, 552, 6, 15, 1);
INSERT INTO `word_score` VALUES (629, 1, 554, 3, 5, 1);
INSERT INTO `word_score` VALUES (630, 1, 562, 7, 7, 1);
INSERT INTO `word_score` VALUES (631, 1, 555, 3, 5, 1);
INSERT INTO `word_score` VALUES (632, 1, 563, 5, 4, 1);
INSERT INTO `word_score` VALUES (633, 1, 556, 7, 6, 1);
INSERT INTO `word_score` VALUES (634, 1, 564, 9, 7, 1);
INSERT INTO `word_score` VALUES (635, 1, 557, 3, 4, 1);
INSERT INTO `word_score` VALUES (636, 1, 565, 5, 6, 1);
INSERT INTO `word_score` VALUES (637, 1, 558, 8, 5, 1);
INSERT INTO `word_score` VALUES (638, 1, 566, 5, 6, 1);
INSERT INTO `word_score` VALUES (639, 1, 559, 6, 7, 1);
INSERT INTO `word_score` VALUES (640, 1, 560, 8, 5, 1);
INSERT INTO `word_score` VALUES (641, 1, 567, 7, 8, 1);
INSERT INTO `word_score` VALUES (642, 1, 568, 7, 6, 1);
INSERT INTO `word_score` VALUES (643, 1, 561, 9, 10, 1);
COMMIT;

-- ----------------------------
-- Table structure for word_type
-- ----------------------------
DROP TABLE IF EXISTS `word_type`;
CREATE TABLE `word_type` (
  `id` int(11) NOT NULL AUTO_INCREMENT,
  `type_name` varchar(255) COLLATE utf8_bin DEFAULT NULL,
  `status` int(2) DEFAULT NULL,
  PRIMARY KEY (`id`)
) ENGINE=InnoDB AUTO_INCREMENT=7 DEFAULT CHARSET=utf8 COLLATE=utf8_bin;

-- ----------------------------
-- Records of word_type
-- ----------------------------
BEGIN;
INSERT INTO `word_type` VALUES (1, 'junior-school', 1);
INSERT INTO `word_type` VALUES (2, 'day-day-study', 1);
INSERT INTO `word_type` VALUES (3, 'day-3.2', 1);
INSERT INTO `word_type` VALUES (4, 'day-3.3', 1);
INSERT INTO `word_type` VALUES (5, 'day-3.4', 1);
INSERT INTO `word_type` VALUES (6, 'day-3.6', 1);
COMMIT;

SET FOREIGN_KEY_CHECKS = 1;
